"","DIM","funcId","ID","runtime","run","f(x)","instance","dim"
"1",30,1,"conf_563",1500,1,13.444489332,5,30
"2",30,1,"conf_563",3000,1,1.1905910944,5,30
"3",30,1,"conf_563",9000,1,1.02686e-05,5,30
"4",30,1,"conf_563",15000,1,2e-10,5,30
"5",30,1,"conf_563",30000,1,0,5,30
"6",30,1,"conf_563",45000,1,0,5,30
"7",30,1,"conf_563",1500,2,11.7266070102,5,30
"8",30,1,"conf_563",3000,2,0.4238018438,5,30
"9",30,1,"conf_563",9000,2,8.5491e-06,5,30
"10",30,1,"conf_563",15000,2,0,5,30
"11",30,1,"conf_563",30000,2,0,5,30
"12",30,1,"conf_563",45000,2,0,5,30
"13",30,1,"conf_563",1500,3,10.449519369,5,30
"14",30,1,"conf_563",3000,3,0.6157510788,5,30
"15",30,1,"conf_563",9000,3,3.2836e-06,5,30
"16",30,1,"conf_563",15000,3,0,5,30
"17",30,1,"conf_563",30000,3,0,5,30
"18",30,1,"conf_563",45000,3,0,5,30
"19",30,1,"conf_563",1500,4,12.6626619998,5,30
"20",30,1,"conf_563",3000,4,0.782415054,5,30
"21",30,1,"conf_563",9000,4,1.20988e-05,5,30
"22",30,1,"conf_563",15000,4,2e-10,5,30
"23",30,1,"conf_563",30000,4,0,5,30
"24",30,1,"conf_563",45000,4,0,5,30
"25",30,1,"conf_563",1500,5,11.503821573,5,30
"26",30,1,"conf_563",3000,5,0.7416404474,5,30
"27",30,1,"conf_563",9000,5,5.8287e-06,5,30
"28",30,1,"conf_563",15000,5,1e-10,5,30
"29",30,1,"conf_563",30000,5,0,5,30
"30",30,1,"conf_563",45000,5,0,5,30
"31",30,1,"conf_563",1500,6,9.9006511807,5,30
"32",30,1,"conf_563",3000,6,0.5720944703,5,30
"33",30,1,"conf_563",9000,6,4.2398e-06,5,30
"34",30,1,"conf_563",15000,6,0,5,30
"35",30,1,"conf_563",30000,6,0,5,30
"36",30,1,"conf_563",45000,6,0,5,30
"37",30,1,"conf_563",1500,7,8.2682588784,5,30
"38",30,1,"conf_563",3000,7,0.7723203979,5,30
"39",30,1,"conf_563",9000,7,3.1719e-06,5,30
"40",30,1,"conf_563",15000,7,0,5,30
"41",30,1,"conf_563",30000,7,0,5,30
"42",30,1,"conf_563",45000,7,0,5,30
"43",30,1,"conf_563",1500,8,11.1850950468,5,30
"44",30,1,"conf_563",3000,8,0.4882453781,5,30
"45",30,1,"conf_563",9000,8,3.0578e-06,5,30
"46",30,1,"conf_563",15000,8,0,5,30
"47",30,1,"conf_563",30000,8,0,5,30
"48",30,1,"conf_563",45000,8,0,5,30
"49",30,1,"conf_563",1500,9,8.4683780475,5,30
"50",30,1,"conf_563",3000,9,1.0049451657,5,30
"51",30,1,"conf_563",9000,9,5.9522e-06,5,30
"52",30,1,"conf_563",15000,9,0,5,30
"53",30,1,"conf_563",30000,9,0,5,30
"54",30,1,"conf_563",45000,9,0,5,30
"55",30,1,"conf_563",1500,10,11.8488596457,5,30
"56",30,1,"conf_563",3000,10,0.5669364903,5,30
"57",30,1,"conf_563",9000,10,4.3582e-06,5,30
"58",30,1,"conf_563",15000,10,0,5,30
"59",30,1,"conf_563",30000,10,0,5,30
"60",30,1,"conf_563",45000,10,0,5,30
"61",30,10,"conf_563",1500,1,527368.034042908,5,30
"62",30,10,"conf_563",3000,1,257776.418696483,5,30
"63",30,10,"conf_563",9000,1,34064.4835687134,5,30
"64",30,10,"conf_563",15000,1,12732.1389975119,5,30
"65",30,10,"conf_563",30000,1,9158.7138996417,5,30
"66",30,10,"conf_563",45000,1,6567.6627357747,5,30
"67",30,10,"conf_563",1500,2,326341.900812661,5,30
"68",30,10,"conf_563",3000,2,218973.400265061,5,30
"69",30,10,"conf_563",9000,2,71518.916187539,5,30
"70",30,10,"conf_563",15000,2,48674.53302537,5,30
"71",30,10,"conf_563",30000,2,22187.2969074837,5,30
"72",30,10,"conf_563",45000,2,12523.3206901896,5,30
"73",30,10,"conf_563",1500,3,555292.071810671,5,30
"74",30,10,"conf_563",3000,3,310723.698300742,5,30
"75",30,10,"conf_563",9000,3,49555.1127528362,5,30
"76",30,10,"conf_563",15000,3,24542.6731388149,5,30
"77",30,10,"conf_563",30000,3,9042.8813375072,5,30
"78",30,10,"conf_563",45000,3,5556.9212437048,5,30
"79",30,10,"conf_563",1500,4,714988.431081688,5,30
"80",30,10,"conf_563",3000,4,240125.875450885,5,30
"81",30,10,"conf_563",9000,4,50311.9086920763,5,30
"82",30,10,"conf_563",15000,4,21433.9723758276,5,30
"83",30,10,"conf_563",30000,4,9598.0471847717,5,30
"84",30,10,"conf_563",45000,4,3328.993662332,5,30
"85",30,10,"conf_563",1500,5,566843.956133219,5,30
"86",30,10,"conf_563",3000,5,201978.457188697,5,30
"87",30,10,"conf_563",9000,5,73408.9549179251,5,30
"88",30,10,"conf_563",15000,5,51844.2340356912,5,30
"89",30,10,"conf_563",30000,5,24246.5272128368,5,30
"90",30,10,"conf_563",45000,5,10400.8585587611,5,30
"91",30,10,"conf_563",1500,6,432966.865496364,5,30
"92",30,10,"conf_563",3000,6,211932.535704553,5,30
"93",30,10,"conf_563",9000,6,28746.4581225038,5,30
"94",30,10,"conf_563",15000,6,10984.8192422079,5,30
"95",30,10,"conf_563",30000,6,4268.9349031245,5,30
"96",30,10,"conf_563",45000,6,3091.7751845864,5,30
"97",30,10,"conf_563",1500,7,609492.77543343,5,30
"98",30,10,"conf_563",3000,7,352846.464187587,5,30
"99",30,10,"conf_563",9000,7,45257.6815590152,5,30
"100",30,10,"conf_563",15000,7,31827.7846156728,5,30
"101",30,10,"conf_563",30000,7,20975.8695851235,5,30
"102",30,10,"conf_563",45000,7,7569.8522221608,5,30
"103",30,10,"conf_563",1500,8,448557.927789988,5,30
"104",30,10,"conf_563",3000,8,225601.994196271,5,30
"105",30,10,"conf_563",9000,8,53085.4180899826,5,30
"106",30,10,"conf_563",15000,8,31708.8138911345,5,30
"107",30,10,"conf_563",30000,8,12146.8206521455,5,30
"108",30,10,"conf_563",45000,8,7085.3959323604,5,30
"109",30,10,"conf_563",1500,9,359909.458097465,5,30
"110",30,10,"conf_563",3000,9,181752.881364574,5,30
"111",30,10,"conf_563",9000,9,42482.2050797072,5,30
"112",30,10,"conf_563",15000,9,19657.1684657026,5,30
"113",30,10,"conf_563",30000,9,11528.8068008938,5,30
"114",30,10,"conf_563",45000,9,3067.8357926813,5,30
"115",30,10,"conf_563",1500,10,727810.430719047,5,30
"116",30,10,"conf_563",3000,10,271261.476700041,5,30
"117",30,10,"conf_563",9000,10,66272.8929109908,5,30
"118",30,10,"conf_563",15000,10,32282.7893084392,5,30
"119",30,10,"conf_563",30000,10,17073.4950358218,5,30
"120",30,10,"conf_563",45000,10,9242.2929885269,5,30
"121",30,11,"conf_563",1500,1,293.7416244517,5,30
"122",30,11,"conf_563",3000,1,279.0822282755,5,30
"123",30,11,"conf_563",9000,1,188.5364838343,5,30
"124",30,11,"conf_563",15000,1,155.8653565913,5,30
"125",30,11,"conf_563",30000,1,94.3919375635,5,30
"126",30,11,"conf_563",45000,1,67.8147098842,5,30
"127",30,11,"conf_563",1500,2,239.2363054447,5,30
"128",30,11,"conf_563",3000,2,239.2363054447,5,30
"129",30,11,"conf_563",9000,2,148.4600292474,5,30
"130",30,11,"conf_563",15000,2,125.7374808465,5,30
"131",30,11,"conf_563",30000,2,83.4968814602,5,30
"132",30,11,"conf_563",45000,2,62.6528443716,5,30
"133",30,11,"conf_563",1500,3,241.6793610591,5,30
"134",30,11,"conf_563",3000,3,240.282455862,5,30
"135",30,11,"conf_563",9000,3,178.490855371,5,30
"136",30,11,"conf_563",15000,3,133.6603385366,5,30
"137",30,11,"conf_563",30000,3,91.9551137022,5,30
"138",30,11,"conf_563",45000,3,59.2647001989,5,30
"139",30,11,"conf_563",1500,4,334.5594586036,5,30
"140",30,11,"conf_563",3000,4,334.5594586036,5,30
"141",30,11,"conf_563",9000,4,218.556652328,5,30
"142",30,11,"conf_563",15000,4,177.9743546428,5,30
"143",30,11,"conf_563",30000,4,105.3502184686,5,30
"144",30,11,"conf_563",45000,4,59.0562824228,5,30
"145",30,11,"conf_563",1500,5,226.5578572794,5,30
"146",30,11,"conf_563",3000,5,226.5578572794,5,30
"147",30,11,"conf_563",9000,5,226.5578572794,5,30
"148",30,11,"conf_563",15000,5,170.512052005,5,30
"149",30,11,"conf_563",30000,5,140.8652755003,5,30
"150",30,11,"conf_563",45000,5,82.1079536932,5,30
"151",30,11,"conf_563",1500,6,312.6916468224,5,30
"152",30,11,"conf_563",3000,6,252.6753599628,5,30
"153",30,11,"conf_563",9000,6,171.5297722116,5,30
"154",30,11,"conf_563",15000,6,116.2101874397,5,30
"155",30,11,"conf_563",30000,6,64.4995100711,5,30
"156",30,11,"conf_563",45000,6,47.2786437181,5,30
"157",30,11,"conf_563",1500,7,261.5039144302,5,30
"158",30,11,"conf_563",3000,7,260.6327219506,5,30
"159",30,11,"conf_563",9000,7,159.2978969572,5,30
"160",30,11,"conf_563",15000,7,129.11396787,5,30
"161",30,11,"conf_563",30000,7,75.6400284909,5,30
"162",30,11,"conf_563",45000,7,45.435740846,5,30
"163",30,11,"conf_563",1500,8,256.3930147992,5,30
"164",30,11,"conf_563",3000,8,256.3930147992,5,30
"165",30,11,"conf_563",9000,8,160.1350918078,5,30
"166",30,11,"conf_563",15000,8,103.4661686064,5,30
"167",30,11,"conf_563",30000,8,74.8683650392,5,30
"168",30,11,"conf_563",45000,8,52.79502821,5,30
"169",30,11,"conf_563",1500,9,242.6606461304,5,30
"170",30,11,"conf_563",3000,9,242.0465112132,5,30
"171",30,11,"conf_563",9000,9,133.7367216455,5,30
"172",30,11,"conf_563",15000,9,120.2892537461,5,30
"173",30,11,"conf_563",30000,9,73.6360764763,5,30
"174",30,11,"conf_563",45000,9,40.9298935643,5,30
"175",30,11,"conf_563",1500,10,286.8144999611,5,30
"176",30,11,"conf_563",3000,10,270.675846238,5,30
"177",30,11,"conf_563",9000,10,180.9035366654,5,30
"178",30,11,"conf_563",15000,10,138.221420355,5,30
"179",30,11,"conf_563",30000,10,101.2308260195,5,30
"180",30,11,"conf_563",45000,10,74.5863959002,5,30
"181",30,12,"conf_563",1500,1,21768070.295583,5,30
"182",30,12,"conf_563",3000,1,1203656.60149083,5,30
"183",30,12,"conf_563",9000,1,373.9178282199,5,30
"184",30,12,"conf_563",15000,1,12.7317310088,5,30
"185",30,12,"conf_563",30000,1,0.1158035561,5,30
"186",30,12,"conf_563",45000,1,0.0494724694,5,30
"187",30,12,"conf_563",1500,2,16887019.3183017,5,30
"188",30,12,"conf_563",3000,2,1143227.14926523,5,30
"189",30,12,"conf_563",9000,2,295.8728879372,5,30
"190",30,12,"conf_563",15000,2,6.5644692544,5,30
"191",30,12,"conf_563",30000,2,1.1976592517,5,30
"192",30,12,"conf_563",45000,2,1.130938985,5,30
"193",30,12,"conf_563",1500,3,31394130.0144979,5,30
"194",30,12,"conf_563",3000,3,2866298.31872903,5,30
"195",30,12,"conf_563",9000,3,352.5582260128,5,30
"196",30,12,"conf_563",15000,3,9.3289316684,5,30
"197",30,12,"conf_563",30000,3,1.8038838165,5,30
"198",30,12,"conf_563",45000,3,1.7040745293,5,30
"199",30,12,"conf_563",1500,4,23412937.7735248,5,30
"200",30,12,"conf_563",3000,4,1387326.34844222,5,30
"201",30,12,"conf_563",9000,4,64.8576310866,5,30
"202",30,12,"conf_563",15000,4,0.4637033403,5,30
"203",30,12,"conf_563",30000,4,0.2738272361,5,30
"204",30,12,"conf_563",45000,4,0.268275431,5,30
"205",30,12,"conf_563",1500,5,34987919.5097768,5,30
"206",30,12,"conf_563",3000,5,1341204.99471878,5,30
"207",30,12,"conf_563",9000,5,2142.6405320667,5,30
"208",30,12,"conf_563",15000,5,34.5237948289,5,30
"209",30,12,"conf_563",30000,5,0.0487384159,5,30
"210",30,12,"conf_563",45000,5,0.0383266657,5,30
"211",30,12,"conf_563",1500,6,39080264.3688293,5,30
"212",30,12,"conf_563",3000,6,2124419.78512069,5,30
"213",30,12,"conf_563",9000,6,5533.8610831524,5,30
"214",30,12,"conf_563",15000,6,356.510652121,5,30
"215",30,12,"conf_563",30000,6,1.3524291204,5,30
"216",30,12,"conf_563",45000,6,0.1831612158,5,30
"217",30,12,"conf_563",1500,7,17559463.5228908,5,30
"218",30,12,"conf_563",3000,7,1346098.97711661,5,30
"219",30,12,"conf_563",9000,7,167.3763373594,5,30
"220",30,12,"conf_563",15000,7,4.7392710843,5,30
"221",30,12,"conf_563",30000,7,4.4280934701,5,30
"222",30,12,"conf_563",45000,7,4.404781729,5,30
"223",30,12,"conf_563",1500,8,12772530.7723427,5,30
"224",30,12,"conf_563",3000,8,611524.345375265,5,30
"225",30,12,"conf_563",9000,8,95.7989825537,5,30
"226",30,12,"conf_563",15000,8,1.0202614472,5,30
"227",30,12,"conf_563",30000,8,0.060962499,5,30
"228",30,12,"conf_563",45000,8,0.0482488567,5,30
"229",30,12,"conf_563",1500,9,26828345.4149587,5,30
"230",30,12,"conf_563",3000,9,2270494.41540911,5,30
"231",30,12,"conf_563",9000,9,1059.8839691378,5,30
"232",30,12,"conf_563",15000,9,55.4509634422,5,30
"233",30,12,"conf_563",30000,9,2.3065029984,5,30
"234",30,12,"conf_563",45000,9,1.8793934434,5,30
"235",30,12,"conf_563",1500,10,17799359.2784551,5,30
"236",30,12,"conf_563",3000,10,1237851.60459473,5,30
"237",30,12,"conf_563",9000,10,146.8111614341,5,30
"238",30,12,"conf_563",15000,10,4.1026953023,5,30
"239",30,12,"conf_563",30000,10,2.5639854254,5,30
"240",30,12,"conf_563",45000,10,2.5006420095,5,30
"241",30,13,"conf_563",1500,1,745.3578617133,5,30
"242",30,13,"conf_563",3000,1,242.9457806254,5,30
"243",30,13,"conf_563",9000,1,10.3049405269,5,30
"244",30,13,"conf_563",15000,1,1.1346056262,5,30
"245",30,13,"conf_563",30000,1,0.0179008407,5,30
"246",30,13,"conf_563",45000,1,0.0015511489,5,30
"247",30,13,"conf_563",1500,2,668.1825682615,5,30
"248",30,13,"conf_563",3000,2,325.3232795182,5,30
"249",30,13,"conf_563",9000,2,18.7011941735,5,30
"250",30,13,"conf_563",15000,2,8.7992229269,5,30
"251",30,13,"conf_563",30000,2,7.0198685241,5,30
"252",30,13,"conf_563",45000,2,1.6678182461,5,30
"253",30,13,"conf_563",1500,3,710.7369581565,5,30
"254",30,13,"conf_563",3000,3,270.5037285119,5,30
"255",30,13,"conf_563",9000,3,16.3652934,5,30
"256",30,13,"conf_563",15000,3,3.4029265881,5,30
"257",30,13,"conf_563",30000,3,2.0524646998,5,30
"258",30,13,"conf_563",45000,3,2.0335698949,5,30
"259",30,13,"conf_563",1500,4,837.2647851499,5,30
"260",30,13,"conf_563",3000,4,256.5075942757,5,30
"261",30,13,"conf_563",9000,4,22.7245688779,5,30
"262",30,13,"conf_563",15000,4,13.1099707765,5,30
"263",30,13,"conf_563",30000,4,9.1501696363,5,30
"264",30,13,"conf_563",45000,4,5.6194890816,5,30
"265",30,13,"conf_563",1500,5,829.5299944178,5,30
"266",30,13,"conf_563",3000,5,338.3977552895,5,30
"267",30,13,"conf_563",9000,5,36.6523499083,5,30
"268",30,13,"conf_563",15000,5,26.7294983563,5,30
"269",30,13,"conf_563",30000,5,15.632103771,5,30
"270",30,13,"conf_563",45000,5,1.3163550326,5,30
"271",30,13,"conf_563",1500,6,1023.9239128235,5,30
"272",30,13,"conf_563",3000,6,432.0548257437,5,30
"273",30,13,"conf_563",9000,6,42.431727,5,30
"274",30,13,"conf_563",15000,6,14.3321823314,5,30
"275",30,13,"conf_563",30000,6,12.7823127693,5,30
"276",30,13,"conf_563",45000,6,12.7536211445,5,30
"277",30,13,"conf_563",1500,7,800.7528020418,5,30
"278",30,13,"conf_563",3000,7,298.0969310053,5,30
"279",30,13,"conf_563",9000,7,14.3671568141,5,30
"280",30,13,"conf_563",15000,7,1.0364819278,5,30
"281",30,13,"conf_563",30000,7,0.124100151,5,30
"282",30,13,"conf_563",45000,7,0.1084997657,5,30
"283",30,13,"conf_563",1500,8,677.060517434,5,30
"284",30,13,"conf_563",3000,8,271.6440981439,5,30
"285",30,13,"conf_563",9000,8,14.7908606273,5,30
"286",30,13,"conf_563",15000,8,1.3588447267,5,30
"287",30,13,"conf_563",30000,8,0.2037571211,5,30
"288",30,13,"conf_563",45000,8,0.182952493,5,30
"289",30,13,"conf_563",1500,9,998.845082219,5,30
"290",30,13,"conf_563",3000,9,345.9246955665,5,30
"291",30,13,"conf_563",9000,9,42.8458533584,5,30
"292",30,13,"conf_563",15000,9,33.6763819872,5,30
"293",30,13,"conf_563",30000,9,33.3362532809,5,30
"294",30,13,"conf_563",45000,9,33.3337519331,5,30
"295",30,13,"conf_563",1500,10,808.8104069414,5,30
"296",30,13,"conf_563",3000,10,198.2767680289,5,30
"297",30,13,"conf_563",9000,10,22.8286790909,5,30
"298",30,13,"conf_563",15000,10,9.5579670198,5,30
"299",30,13,"conf_563",30000,10,2.3290614668,5,30
"300",30,13,"conf_563",45000,10,1.5495564215,5,30
"301",30,14,"conf_563",1500,1,10.6937361077,5,30
"302",30,14,"conf_563",3000,1,2.9156859444,5,30
"303",30,14,"conf_563",9000,1,0.0115977548,5,30
"304",30,14,"conf_563",15000,1,0.0048003959,5,30
"305",30,14,"conf_563",30000,1,0.0019781498,5,30
"306",30,14,"conf_563",45000,1,0.0011905588,5,30
"307",30,14,"conf_563",1500,2,13.461520749,5,30
"308",30,14,"conf_563",3000,2,2.9115284801,5,30
"309",30,14,"conf_563",9000,2,0.0216383186,5,30
"310",30,14,"conf_563",15000,2,0.0048649899,5,30
"311",30,14,"conf_563",30000,2,0.0013158074,5,30
"312",30,14,"conf_563",45000,2,0.0007564817,5,30
"313",30,14,"conf_563",1500,3,11.331997422,5,30
"314",30,14,"conf_563",3000,3,3.3667765489,5,30
"315",30,14,"conf_563",9000,3,0.0237748052,5,30
"316",30,14,"conf_563",15000,3,0.0039992989,5,30
"317",30,14,"conf_563",30000,3,0.0013318275,5,30
"318",30,14,"conf_563",45000,3,0.000898376,5,30
"319",30,14,"conf_563",1500,4,12.5145285429,5,30
"320",30,14,"conf_563",3000,4,2.8504721443,5,30
"321",30,14,"conf_563",9000,4,0.0153157468,5,30
"322",30,14,"conf_563",15000,4,0.0067228754,5,30
"323",30,14,"conf_563",30000,4,0.0027464463,5,30
"324",30,14,"conf_563",45000,4,0.0013869841,5,30
"325",30,14,"conf_563",1500,5,8.2489048162,5,30
"326",30,14,"conf_563",3000,5,1.7652489292,5,30
"327",30,14,"conf_563",9000,5,0.0150956336,5,30
"328",30,14,"conf_563",15000,5,0.0049306759,5,30
"329",30,14,"conf_563",30000,5,0.0019798974,5,30
"330",30,14,"conf_563",45000,5,0.0011048058,5,30
"331",30,14,"conf_563",1500,6,11.6161619683,5,30
"332",30,14,"conf_563",3000,6,3.0713864829,5,30
"333",30,14,"conf_563",9000,6,0.0165880926,5,30
"334",30,14,"conf_563",15000,6,0.0036221299,5,30
"335",30,14,"conf_563",30000,6,0.0012045909,5,30
"336",30,14,"conf_563",45000,6,0.000749725,5,30
"337",30,14,"conf_563",1500,7,15.4259027406,5,30
"338",30,14,"conf_563",3000,7,4.4792256953,5,30
"339",30,14,"conf_563",9000,7,0.0221420584,5,30
"340",30,14,"conf_563",15000,7,0.0081012937,5,30
"341",30,14,"conf_563",30000,7,0.0021782365,5,30
"342",30,14,"conf_563",45000,7,0.0012360602,5,30
"343",30,14,"conf_563",1500,8,12.94640312,5,30
"344",30,14,"conf_563",3000,8,3.1559861204,5,30
"345",30,14,"conf_563",9000,8,0.0192871991,5,30
"346",30,14,"conf_563",15000,8,0.0048739194,5,30
"347",30,14,"conf_563",30000,8,0.0021518208,5,30
"348",30,14,"conf_563",45000,8,0.0010774055,5,30
"349",30,14,"conf_563",1500,9,4.7883734537,5,30
"350",30,14,"conf_563",3000,9,0.750597037,5,30
"351",30,14,"conf_563",9000,9,0.0103132023,5,30
"352",30,14,"conf_563",15000,9,0.0052440176,5,30
"353",30,14,"conf_563",30000,9,0.0019409469,5,30
"354",30,14,"conf_563",45000,9,0.0009513365,5,30
"355",30,14,"conf_563",1500,10,8.2215777321,5,30
"356",30,14,"conf_563",3000,10,2.5355795002,5,30
"357",30,14,"conf_563",9000,10,0.0155551129,5,30
"358",30,14,"conf_563",15000,10,0.0054405904,5,30
"359",30,14,"conf_563",30000,10,0.0023021643,5,30
"360",30,14,"conf_563",45000,10,0.0012919829,5,30
"361",30,15,"conf_563",1500,1,395.3646880086,5,30
"362",30,15,"conf_563",3000,1,311.6097451233,5,30
"363",30,15,"conf_563",9000,1,212.7277565326,5,30
"364",30,15,"conf_563",15000,1,196.1343835596,5,30
"365",30,15,"conf_563",30000,1,172.6430507757,5,30
"366",30,15,"conf_563",45000,1,166.4995857491,5,30
"367",30,15,"conf_563",1500,2,475.9407915042,5,30
"368",30,15,"conf_563",3000,2,361.9140751591,5,30
"369",30,15,"conf_563",9000,2,255.1184709027,5,30
"370",30,15,"conf_563",15000,2,221.2160631758,5,30
"371",30,15,"conf_563",30000,2,188.1606241652,5,30
"372",30,15,"conf_563",45000,2,178.0105083495,5,30
"373",30,15,"conf_563",1500,3,393.7893304191,5,30
"374",30,15,"conf_563",3000,3,312.8712035575,5,30
"375",30,15,"conf_563",9000,3,235.2040634637,5,30
"376",30,15,"conf_563",15000,3,201.7229592277,5,30
"377",30,15,"conf_563",30000,3,171.3049757252,5,30
"378",30,15,"conf_563",45000,3,144.3347540432,5,30
"379",30,15,"conf_563",1500,4,409.1091861356,5,30
"380",30,15,"conf_563",3000,4,327.3010542294,5,30
"381",30,15,"conf_563",9000,4,214.7571007784,5,30
"382",30,15,"conf_563",15000,4,180.0648105313,5,30
"383",30,15,"conf_563",30000,4,143.7825700357,5,30
"384",30,15,"conf_563",45000,4,128.1937112815,5,30
"385",30,15,"conf_563",1500,5,509.4552106513,5,30
"386",30,15,"conf_563",3000,5,363.3054134211,5,30
"387",30,15,"conf_563",9000,5,224.8130368389,5,30
"388",30,15,"conf_563",15000,5,202.5864028348,5,30
"389",30,15,"conf_563",30000,5,154.5077700841,5,30
"390",30,15,"conf_563",45000,5,141.0167225017,5,30
"391",30,15,"conf_563",1500,6,341.4415085345,5,30
"392",30,15,"conf_563",3000,6,316.4751744426,5,30
"393",30,15,"conf_563",9000,6,201.4715271499,5,30
"394",30,15,"conf_563",15000,6,161.8672671082,5,30
"395",30,15,"conf_563",30000,6,123.6599003173,5,30
"396",30,15,"conf_563",45000,6,103.4620277313,5,30
"397",30,15,"conf_563",1500,7,422.4644829322,5,30
"398",30,15,"conf_563",3000,7,355.8337662918,5,30
"399",30,15,"conf_563",9000,7,213.3969618316,5,30
"400",30,15,"conf_563",15000,7,175.2939134942,5,30
"401",30,15,"conf_563",30000,7,162.9182246528,5,30
"402",30,15,"conf_563",45000,7,124.3952856766,5,30
"403",30,15,"conf_563",1500,8,384.2791942055,5,30
"404",30,15,"conf_563",3000,8,305.8948856167,5,30
"405",30,15,"conf_563",9000,8,278.5463273824,5,30
"406",30,15,"conf_563",15000,8,244.5916624883,5,30
"407",30,15,"conf_563",30000,8,181.644859209,5,30
"408",30,15,"conf_563",45000,8,162.8624856419,5,30
"409",30,15,"conf_563",1500,9,377.2227085935,5,30
"410",30,15,"conf_563",3000,9,314.7723006547,5,30
"411",30,15,"conf_563",9000,9,238.6773144078,5,30
"412",30,15,"conf_563",15000,9,198.3469961501,5,30
"413",30,15,"conf_563",30000,9,182.4370885882,5,30
"414",30,15,"conf_563",45000,9,154.512390016,5,30
"415",30,15,"conf_563",1500,10,419.5352620619,5,30
"416",30,15,"conf_563",3000,10,342.2279886684,5,30
"417",30,15,"conf_563",9000,10,253.0428420854,5,30
"418",30,15,"conf_563",15000,10,219.4491446165,5,30
"419",30,15,"conf_563",30000,10,139.1251306427,5,30
"420",30,15,"conf_563",45000,10,116.6877348315,5,30
"421",30,16,"conf_563",1500,1,21.5611947539,5,30
"422",30,16,"conf_563",3000,1,20.9891033207,5,30
"423",30,16,"conf_563",9000,1,15.4516058085,5,30
"424",30,16,"conf_563",15000,1,13.3774893363,5,30
"425",30,16,"conf_563",30000,1,11.0313525543,5,30
"426",30,16,"conf_563",45000,1,10.5347281318,5,30
"427",30,16,"conf_563",1500,2,26.6097976248,5,30
"428",30,16,"conf_563",3000,2,22.7878094321,5,30
"429",30,16,"conf_563",9000,2,10.8727074267,5,30
"430",30,16,"conf_563",15000,2,8.7295439796,5,30
"431",30,16,"conf_563",30000,2,8.0862421696,5,30
"432",30,16,"conf_563",45000,2,7.9266807598,5,30
"433",30,16,"conf_563",1500,3,25.4119846862,5,30
"434",30,16,"conf_563",3000,3,22.7175948,5,30
"435",30,16,"conf_563",9000,3,17.3395422656,5,30
"436",30,16,"conf_563",15000,3,16.6106686613,5,30
"437",30,16,"conf_563",30000,3,15.2279535967,5,30
"438",30,16,"conf_563",45000,3,14.3313562337,5,30
"439",30,16,"conf_563",1500,4,27.7219398507,5,30
"440",30,16,"conf_563",3000,4,22.7400569312,5,30
"441",30,16,"conf_563",9000,4,20.8231384013,5,30
"442",30,16,"conf_563",15000,4,12.9011133768,5,30
"443",30,16,"conf_563",30000,4,11.9083840771,5,30
"444",30,16,"conf_563",45000,4,11.2389138492,5,30
"445",30,16,"conf_563",1500,5,24.07285805,5,30
"446",30,16,"conf_563",3000,5,18.9290809991,5,30
"447",30,16,"conf_563",9000,5,18.9290809991,5,30
"448",30,16,"conf_563",15000,5,18.622829522,5,30
"449",30,16,"conf_563",30000,5,12.8314320942,5,30
"450",30,16,"conf_563",45000,5,10.7740087797,5,30
"451",30,16,"conf_563",1500,6,25.8769649854,5,30
"452",30,16,"conf_563",3000,6,25.8769649854,5,30
"453",30,16,"conf_563",9000,6,17.6477353941,5,30
"454",30,16,"conf_563",15000,6,16.6580546334,5,30
"455",30,16,"conf_563",30000,6,16.5105431828,5,30
"456",30,16,"conf_563",45000,6,16.4772683983,5,30
"457",30,16,"conf_563",1500,7,23.9864422826,5,30
"458",30,16,"conf_563",3000,7,23.9864422826,5,30
"459",30,16,"conf_563",9000,7,23.7940486446,5,30
"460",30,16,"conf_563",15000,7,17.8605497044,5,30
"461",30,16,"conf_563",30000,7,15.7709305733,5,30
"462",30,16,"conf_563",45000,7,15.2940618394,5,30
"463",30,16,"conf_563",1500,8,27.0516113014,5,30
"464",30,16,"conf_563",3000,8,19.397909996,5,30
"465",30,16,"conf_563",9000,8,17.5758766491,5,30
"466",30,16,"conf_563",15000,8,17.3218472473,5,30
"467",30,16,"conf_563",30000,8,15.0455740603,5,30
"468",30,16,"conf_563",45000,8,12.7350334527,5,30
"469",30,16,"conf_563",1500,9,23.8717658579,5,30
"470",30,16,"conf_563",3000,9,21.9171811045,5,30
"471",30,16,"conf_563",9000,9,19.654499391,5,30
"472",30,16,"conf_563",15000,9,16.684431192,5,30
"473",30,16,"conf_563",30000,9,12.7446201335,5,30
"474",30,16,"conf_563",45000,9,12.4832870042,5,30
"475",30,16,"conf_563",1500,10,24.6445005795,5,30
"476",30,16,"conf_563",3000,10,23.6098900133,5,30
"477",30,16,"conf_563",9000,10,22.2197223739,5,30
"478",30,16,"conf_563",15000,10,18.6376124679,5,30
"479",30,16,"conf_563",30000,10,9.9874086302,5,30
"480",30,16,"conf_563",45000,10,9.0696330123,5,30
"481",30,17,"conf_563",1500,1,9.7779943554,5,30
"482",30,17,"conf_563",3000,1,8.1621210523,5,30
"483",30,17,"conf_563",9000,1,3.4512070205,5,30
"484",30,17,"conf_563",15000,1,2.981725103,5,30
"485",30,17,"conf_563",30000,1,2.2812238569,5,30
"486",30,17,"conf_563",45000,1,2.1081231019,5,30
"487",30,17,"conf_563",1500,2,11.2125430802,5,30
"488",30,17,"conf_563",3000,2,7.7805487737,5,30
"489",30,17,"conf_563",9000,2,6.0114759661,5,30
"490",30,17,"conf_563",15000,2,4.5452373846,5,30
"491",30,17,"conf_563",30000,2,3.7164022755,5,30
"492",30,17,"conf_563",45000,2,3.3877906188,5,30
"493",30,17,"conf_563",1500,3,8.3943877478,5,30
"494",30,17,"conf_563",3000,3,6.2841517999,5,30
"495",30,17,"conf_563",9000,3,3.7159337723,5,30
"496",30,17,"conf_563",15000,3,2.2092149328,5,30
"497",30,17,"conf_563",30000,3,2.1465913658,5,30
"498",30,17,"conf_563",45000,3,2.0197658989,5,30
"499",30,17,"conf_563",1500,4,9.8225809637,5,30
"500",30,17,"conf_563",3000,4,7.780389782,5,30
"501",30,17,"conf_563",9000,4,4.8744073692,5,30
"502",30,17,"conf_563",15000,4,3.2322433713,5,30
"503",30,17,"conf_563",30000,4,2.2242257426,5,30
"504",30,17,"conf_563",45000,4,2.0329920486,5,30
"505",30,17,"conf_563",1500,5,7.3243286527,5,30
"506",30,17,"conf_563",3000,5,5.2208122856,5,30
"507",30,17,"conf_563",9000,5,4.7949992127,5,30
"508",30,17,"conf_563",15000,5,3.3987834309,5,30
"509",30,17,"conf_563",30000,5,3.0554796439,5,30
"510",30,17,"conf_563",45000,5,2.9635871107,5,30
"511",30,17,"conf_563",1500,6,6.353561099,5,30
"512",30,17,"conf_563",3000,6,5.0780807982,5,30
"513",30,17,"conf_563",9000,6,2.8306033612,5,30
"514",30,17,"conf_563",15000,6,2.3685389498,5,30
"515",30,17,"conf_563",30000,6,2.1755354622,5,30
"516",30,17,"conf_563",45000,6,1.992809766,5,30
"517",30,17,"conf_563",1500,7,5.9154465894,5,30
"518",30,17,"conf_563",3000,7,5.0261833287,5,30
"519",30,17,"conf_563",9000,7,2.6447257586,5,30
"520",30,17,"conf_563",15000,7,2.5497754893,5,30
"521",30,17,"conf_563",30000,7,2.3278397648,5,30
"522",30,17,"conf_563",45000,7,2.2623468514,5,30
"523",30,17,"conf_563",1500,8,9.1595892569,5,30
"524",30,17,"conf_563",3000,8,8.3427772296,5,30
"525",30,17,"conf_563",9000,8,5.4208198753,5,30
"526",30,17,"conf_563",15000,8,3.4258570668,5,30
"527",30,17,"conf_563",30000,8,2.1786044639,5,30
"528",30,17,"conf_563",45000,8,1.9362311191,5,30
"529",30,17,"conf_563",1500,9,8.5176298013,5,30
"530",30,17,"conf_563",3000,9,5.1946567146,5,30
"531",30,17,"conf_563",9000,9,3.410148188,5,30
"532",30,17,"conf_563",15000,9,2.0517997221,5,30
"533",30,17,"conf_563",30000,9,1.6191047137,5,30
"534",30,17,"conf_563",45000,9,1.4568829315,5,30
"535",30,17,"conf_563",1500,10,7.9100958937,5,30
"536",30,17,"conf_563",3000,10,6.2010120418,5,30
"537",30,17,"conf_563",9000,10,4.3537508408,5,30
"538",30,17,"conf_563",15000,10,4.13803473,5,30
"539",30,17,"conf_563",30000,10,3.3353384106,5,30
"540",30,17,"conf_563",45000,10,3.0315742248,5,30
"541",30,18,"conf_563",1500,1,34.9284718588,5,30
"542",30,18,"conf_563",3000,1,20.8865159105,5,30
"543",30,18,"conf_563",9000,1,9.7070893767,5,30
"544",30,18,"conf_563",15000,1,8.3113036094,5,30
"545",30,18,"conf_563",30000,1,6.9019542514,5,30
"546",30,18,"conf_563",45000,1,6.4066869037,5,30
"547",30,18,"conf_563",1500,2,33.9272149557,5,30
"548",30,18,"conf_563",3000,2,22.1218859154,5,30
"549",30,18,"conf_563",9000,2,16.7536830832,5,30
"550",30,18,"conf_563",15000,2,12.3308637742,5,30
"551",30,18,"conf_563",30000,2,10.6288676305,5,30
"552",30,18,"conf_563",45000,2,10.5249598074,5,30
"553",30,18,"conf_563",1500,3,24.9052188154,5,30
"554",30,18,"conf_563",3000,3,19.7758170883,5,30
"555",30,18,"conf_563",9000,3,9.7003546442,5,30
"556",30,18,"conf_563",15000,3,7.4168814015,5,30
"557",30,18,"conf_563",30000,3,6.143837292,5,30
"558",30,18,"conf_563",45000,3,5.7663381015,5,30
"559",30,18,"conf_563",1500,4,25.1057485107,5,30
"560",30,18,"conf_563",3000,4,18.5704631253,5,30
"561",30,18,"conf_563",9000,4,12.7167936528,5,30
"562",30,18,"conf_563",15000,4,12.2405266362,5,30
"563",30,18,"conf_563",30000,4,8.1287618026,5,30
"564",30,18,"conf_563",45000,4,5.9378621076,5,30
"565",30,18,"conf_563",1500,5,32.5428812087,5,30
"566",30,18,"conf_563",3000,5,22.7186329755,5,30
"567",30,18,"conf_563",9000,5,15.8107093324,5,30
"568",30,18,"conf_563",15000,5,15.1901646793,5,30
"569",30,18,"conf_563",30000,5,13.5948907061,5,30
"570",30,18,"conf_563",45000,5,13.4831576622,5,30
"571",30,18,"conf_563",1500,6,29.5794287314,5,30
"572",30,18,"conf_563",3000,6,21.5422159061,5,30
"573",30,18,"conf_563",9000,6,13.9736111522,5,30
"574",30,18,"conf_563",15000,6,11.3541283926,5,30
"575",30,18,"conf_563",30000,6,9.9780454348,5,30
"576",30,18,"conf_563",45000,6,8.3672348773,5,30
"577",30,18,"conf_563",1500,7,23.2829101357,5,30
"578",30,18,"conf_563",3000,7,18.4849469415,5,30
"579",30,18,"conf_563",9000,7,10.5784818713,5,30
"580",30,18,"conf_563",15000,7,8.7872682417,5,30
"581",30,18,"conf_563",30000,7,6.9572052519,5,30
"582",30,18,"conf_563",45000,7,5.8965301284,5,30
"583",30,18,"conf_563",1500,8,27.1624756941,5,30
"584",30,18,"conf_563",3000,8,22.4656320759,5,30
"585",30,18,"conf_563",9000,8,14.1940274921,5,30
"586",30,18,"conf_563",15000,8,11.8107402711,5,30
"587",30,18,"conf_563",30000,8,8.6588039619,5,30
"588",30,18,"conf_563",45000,8,7.3570377481,5,30
"589",30,18,"conf_563",1500,9,44.0288159077,5,30
"590",30,18,"conf_563",3000,9,34.101357319,5,30
"591",30,18,"conf_563",9000,9,23.5174253247,5,30
"592",30,18,"conf_563",15000,9,18.5646891092,5,30
"593",30,18,"conf_563",30000,9,14.6631193849,5,30
"594",30,18,"conf_563",45000,9,13.4721673704,5,30
"595",30,18,"conf_563",1500,10,33.0655879227,5,30
"596",30,18,"conf_563",3000,10,26.7675632518,5,30
"597",30,18,"conf_563",9000,10,14.442275851,5,30
"598",30,18,"conf_563",15000,10,8.6510607876,5,30
"599",30,18,"conf_563",30000,10,5.11945241,5,30
"600",30,18,"conf_563",45000,10,4.6989172829,5,30
"601",30,19,"conf_563",1500,1,10.461939577,5,30
"602",30,19,"conf_563",3000,1,8.9434223781,5,30
"603",30,19,"conf_563",9000,1,7.4968438079,5,30
"604",30,19,"conf_563",15000,1,6.7941829993,5,30
"605",30,19,"conf_563",30000,1,6.779959876,5,30
"606",30,19,"conf_563",45000,1,6.4654923484,5,30
"607",30,19,"conf_563",1500,2,9.253101769,5,30
"608",30,19,"conf_563",3000,2,7.701222871,5,30
"609",30,19,"conf_563",9000,2,7.0061789116,5,30
"610",30,19,"conf_563",15000,2,6.639316068,5,30
"611",30,19,"conf_563",30000,2,6.1893928156,5,30
"612",30,19,"conf_563",45000,2,4.9458033944,5,30
"613",30,19,"conf_563",1500,3,9.2403895593,5,30
"614",30,19,"conf_563",3000,3,8.6537582854,5,30
"615",30,19,"conf_563",9000,3,7.2503576186,5,30
"616",30,19,"conf_563",15000,3,7.2503576186,5,30
"617",30,19,"conf_563",30000,3,6.326834846,5,30
"618",30,19,"conf_563",45000,3,6.0271129678,5,30
"619",30,19,"conf_563",1500,4,11.529763064,5,30
"620",30,19,"conf_563",3000,4,7.5232042391,5,30
"621",30,19,"conf_563",9000,4,6.0573489889,5,30
"622",30,19,"conf_563",15000,4,6.0573489889,5,30
"623",30,19,"conf_563",30000,4,5.9210166806,5,30
"624",30,19,"conf_563",45000,4,5.9210166806,5,30
"625",30,19,"conf_563",1500,5,9.4374798831,5,30
"626",30,19,"conf_563",3000,5,8.3200643307,5,30
"627",30,19,"conf_563",9000,5,7.4019843313,5,30
"628",30,19,"conf_563",15000,5,5.9359900615,5,30
"629",30,19,"conf_563",30000,5,5.7391280448,5,30
"630",30,19,"conf_563",45000,5,5.2194303269,5,30
"631",30,19,"conf_563",1500,6,10.3452589033,5,30
"632",30,19,"conf_563",3000,6,8.497538538,5,30
"633",30,19,"conf_563",9000,6,7.3366995292,5,30
"634",30,19,"conf_563",15000,6,6.9638283239,5,30
"635",30,19,"conf_563",30000,6,6.1545632198,5,30
"636",30,19,"conf_563",45000,6,6.0784203658,5,30
"637",30,19,"conf_563",1500,7,9.5434529417,5,30
"638",30,19,"conf_563",3000,7,8.1654423241,5,30
"639",30,19,"conf_563",9000,7,7.0252578957,5,30
"640",30,19,"conf_563",15000,7,7.0252578957,5,30
"641",30,19,"conf_563",30000,7,5.8625954703,5,30
"642",30,19,"conf_563",45000,7,5.8625954703,5,30
"643",30,19,"conf_563",1500,8,9.5263974309,5,30
"644",30,19,"conf_563",3000,8,6.7124005998,5,30
"645",30,19,"conf_563",9000,8,6.7124005998,5,30
"646",30,19,"conf_563",15000,8,6.7124005998,5,30
"647",30,19,"conf_563",30000,8,5.6803766951,5,30
"648",30,19,"conf_563",45000,8,5.5011205592,5,30
"649",30,19,"conf_563",1500,9,9.4805010774,5,30
"650",30,19,"conf_563",3000,9,8.3172214166,5,30
"651",30,19,"conf_563",9000,9,6.241107012,5,30
"652",30,19,"conf_563",15000,9,5.124977881,5,30
"653",30,19,"conf_563",30000,9,5.124977881,5,30
"654",30,19,"conf_563",45000,9,5.1208617849,5,30
"655",30,19,"conf_563",1500,10,9.8006388629,5,30
"656",30,19,"conf_563",3000,10,8.0468510496,5,30
"657",30,19,"conf_563",9000,10,7.3144222739,5,30
"658",30,19,"conf_563",15000,10,6.5238517507,5,30
"659",30,19,"conf_563",30000,10,6.1298284192,5,30
"660",30,19,"conf_563",45000,10,6.1298284192,5,30
"661",30,2,"conf_563",1500,1,147917.830699498,5,30
"662",30,2,"conf_563",3000,1,6461.3745366556,5,30
"663",30,2,"conf_563",9000,1,0.0369294939,5,30
"664",30,2,"conf_563",15000,1,3.465e-07,5,30
"665",30,2,"conf_563",30000,1,0,5,30
"666",30,2,"conf_563",45000,1,0,5,30
"667",30,2,"conf_563",1500,2,328607.505254605,5,30
"668",30,2,"conf_563",3000,2,23573.3550013665,5,30
"669",30,2,"conf_563",9000,2,0.0923972716,5,30
"670",30,2,"conf_563",15000,2,6.095e-07,5,30
"671",30,2,"conf_563",30000,2,0,5,30
"672",30,2,"conf_563",45000,2,0,5,30
"673",30,2,"conf_563",1500,3,151171.279897866,5,30
"674",30,2,"conf_563",3000,3,3927.8876230107,5,30
"675",30,2,"conf_563",9000,3,0.0184958828,5,30
"676",30,2,"conf_563",15000,3,1.92e-07,5,30
"677",30,2,"conf_563",30000,3,0,5,30
"678",30,2,"conf_563",45000,3,0,5,30
"679",30,2,"conf_563",1500,4,239114.191183236,5,30
"680",30,2,"conf_563",3000,4,3865.6987324005,5,30
"681",30,2,"conf_563",9000,4,0.0278964435,5,30
"682",30,2,"conf_563",15000,4,2.511e-07,5,30
"683",30,2,"conf_563",30000,4,0,5,30
"684",30,2,"conf_563",45000,4,0,5,30
"685",30,2,"conf_563",1500,5,142219.616552744,5,30
"686",30,2,"conf_563",3000,5,7362.0651815339,5,30
"687",30,2,"conf_563",9000,5,0.0227403048,5,30
"688",30,2,"conf_563",15000,5,2.38e-07,5,30
"689",30,2,"conf_563",30000,5,0,5,30
"690",30,2,"conf_563",45000,5,0,5,30
"691",30,2,"conf_563",1500,6,254921.6134986,5,30
"692",30,2,"conf_563",3000,6,13053.8964307829,5,30
"693",30,2,"conf_563",9000,6,0.029846227,5,30
"694",30,2,"conf_563",15000,6,3.497e-07,5,30
"695",30,2,"conf_563",30000,6,0,5,30
"696",30,2,"conf_563",45000,6,0,5,30
"697",30,2,"conf_563",1500,7,215259.624648531,5,30
"698",30,2,"conf_563",3000,7,7519.6987090481,5,30
"699",30,2,"conf_563",9000,7,0.0155825611,5,30
"700",30,2,"conf_563",15000,7,1.371e-07,5,30
"701",30,2,"conf_563",30000,7,0,5,30
"702",30,2,"conf_563",45000,7,0,5,30
"703",30,2,"conf_563",1500,8,337286.381988672,5,30
"704",30,2,"conf_563",3000,8,9290.4500339762,5,30
"705",30,2,"conf_563",9000,8,0.0402452062,5,30
"706",30,2,"conf_563",15000,8,2.185e-07,5,30
"707",30,2,"conf_563",30000,8,0,5,30
"708",30,2,"conf_563",45000,8,0,5,30
"709",30,2,"conf_563",1500,9,184611.307398266,5,30
"710",30,2,"conf_563",3000,9,6679.5825761233,5,30
"711",30,2,"conf_563",9000,9,0.0491159675,5,30
"712",30,2,"conf_563",15000,9,3.186e-07,5,30
"713",30,2,"conf_563",30000,9,0,5,30
"714",30,2,"conf_563",45000,9,0,5,30
"715",30,2,"conf_563",1500,10,183927.612320344,5,30
"716",30,2,"conf_563",3000,10,23112.8817886411,5,30
"717",30,2,"conf_563",9000,10,0.1309278285,5,30
"718",30,2,"conf_563",15000,10,8.985e-07,5,30
"719",30,2,"conf_563",30000,10,0,5,30
"720",30,2,"conf_563",45000,10,0,5,30
"721",30,20,"conf_563",1500,1,117.7682039386,5,30
"722",30,20,"conf_563",3000,1,2.7211430515,5,30
"723",30,20,"conf_563",9000,1,1.6239329672,5,30
"724",30,20,"conf_563",15000,1,1.0538722974,5,30
"725",30,20,"conf_563",30000,1,0.7886561287,5,30
"726",30,20,"conf_563",45000,1,0.4234645757,5,30
"727",30,20,"conf_563",1500,2,4.365115338,5,30
"728",30,20,"conf_563",3000,2,2.6377812503,5,30
"729",30,20,"conf_563",9000,2,1.53543889,5,30
"730",30,20,"conf_563",15000,2,1.0937141887,5,30
"731",30,20,"conf_563",30000,2,0.6372315414,5,30
"732",30,20,"conf_563",45000,2,0.4798036684,5,30
"733",30,20,"conf_563",1500,3,51.1593726593,5,30
"734",30,20,"conf_563",3000,3,2.3295661834,5,30
"735",30,20,"conf_563",9000,3,1.4113792518,5,30
"736",30,20,"conf_563",15000,3,0.8523124498,5,30
"737",30,20,"conf_563",30000,3,0.4670053482,5,30
"738",30,20,"conf_563",45000,3,0.3073153354,5,30
"739",30,20,"conf_563",1500,4,330.5517868768,5,30
"740",30,20,"conf_563",3000,4,2.5967875746,5,30
"741",30,20,"conf_563",9000,4,1.4974796282,5,30
"742",30,20,"conf_563",15000,4,1.1209248519,5,30
"743",30,20,"conf_563",30000,4,0.6177582471,5,30
"744",30,20,"conf_563",45000,4,0.4710101865,5,30
"745",30,20,"conf_563",1500,5,214.6834675994,5,30
"746",30,20,"conf_563",3000,5,2.4024285374,5,30
"747",30,20,"conf_563",9000,5,1.4056713052,5,30
"748",30,20,"conf_563",15000,5,1.1673201331,5,30
"749",30,20,"conf_563",30000,5,0.6643487615,5,30
"750",30,20,"conf_563",45000,5,0.391149686,5,30
"751",30,20,"conf_563",1500,6,112.7898985089,5,30
"752",30,20,"conf_563",3000,6,2.5811038775,5,30
"753",30,20,"conf_563",9000,6,1.6709108071,5,30
"754",30,20,"conf_563",15000,6,1.2357306637,5,30
"755",30,20,"conf_563",30000,6,0.779714332,5,30
"756",30,20,"conf_563",45000,6,0.528108204,5,30
"757",30,20,"conf_563",1500,7,223.7034462565,5,30
"758",30,20,"conf_563",3000,7,2.4486800454,5,30
"759",30,20,"conf_563",9000,7,1.4221519195,5,30
"760",30,20,"conf_563",15000,7,1.2058834725,5,30
"761",30,20,"conf_563",30000,7,0.7269814731,5,30
"762",30,20,"conf_563",45000,7,0.4147796322,5,30
"763",30,20,"conf_563",1500,8,509.9309807159,5,30
"764",30,20,"conf_563",3000,8,2.6853146819,5,30
"765",30,20,"conf_563",9000,8,1.5300240071,5,30
"766",30,20,"conf_563",15000,8,0.9672993948,5,30
"767",30,20,"conf_563",30000,8,0.7124633948,5,30
"768",30,20,"conf_563",45000,8,0.4177026421,5,30
"769",30,20,"conf_563",1500,9,212.1661681273,5,30
"770",30,20,"conf_563",3000,9,2.3224368093,5,30
"771",30,20,"conf_563",9000,9,1.4776023739,5,30
"772",30,20,"conf_563",15000,9,1.1635139707,5,30
"773",30,20,"conf_563",30000,9,0.8024507237,5,30
"774",30,20,"conf_563",45000,9,0.4115517847,5,30
"775",30,20,"conf_563",1500,10,391.0705384739,5,30
"776",30,20,"conf_563",3000,10,2.6007102831,5,30
"777",30,20,"conf_563",9000,10,1.578371588,5,30
"778",30,20,"conf_563",15000,10,1.144596496,5,30
"779",30,20,"conf_563",30000,10,0.7620880943,5,30
"780",30,20,"conf_563",45000,10,0.6006405574,5,30
"781",30,21,"conf_563",1500,1,56.3713726394,5,30
"782",30,21,"conf_563",3000,1,33.5051708193,5,30
"783",30,21,"conf_563",9000,1,7.9005210596,5,30
"784",30,21,"conf_563",15000,1,6.027732636,5,30
"785",30,21,"conf_563",30000,1,3.1754553568,5,30
"786",30,21,"conf_563",45000,1,2.9265338381,5,30
"787",30,21,"conf_563",1500,2,27.1612357905,5,30
"788",30,21,"conf_563",3000,2,10.6788012031,5,30
"789",30,21,"conf_563",9000,2,2.0318633476,5,30
"790",30,21,"conf_563",15000,2,1.3547098883,5,30
"791",30,21,"conf_563",30000,2,0.8060042706,5,30
"792",30,21,"conf_563",45000,2,0.7129691667,5,30
"793",30,21,"conf_563",1500,3,47.7673974329,5,30
"794",30,21,"conf_563",3000,3,18.2575241264,5,30
"795",30,21,"conf_563",9000,3,5.9758038788,5,30
"796",30,21,"conf_563",15000,3,3.8122841219,5,30
"797",30,21,"conf_563",30000,3,1.8646929393,5,30
"798",30,21,"conf_563",45000,3,0.9098065801,5,30
"799",30,21,"conf_563",1500,4,34.3526287096,5,30
"800",30,21,"conf_563",3000,4,11.7533159852,5,30
"801",30,21,"conf_563",9000,4,2.7326531519,5,30
"802",30,21,"conf_563",15000,4,2.0174715092,5,30
"803",30,21,"conf_563",30000,4,1.4080063411,5,30
"804",30,21,"conf_563",45000,4,0.9874042442,5,30
"805",30,21,"conf_563",1500,5,25.253675704,5,30
"806",30,21,"conf_563",3000,5,12.2487550385,5,30
"807",30,21,"conf_563",9000,5,2.153298743,5,30
"808",30,21,"conf_563",15000,5,1.8571363232,5,30
"809",30,21,"conf_563",30000,5,0.5545000368,5,30
"810",30,21,"conf_563",45000,5,0.1226056007,5,30
"811",30,21,"conf_563",1500,6,48.0173993252,5,30
"812",30,21,"conf_563",3000,6,18.6845172759,5,30
"813",30,21,"conf_563",9000,6,3.0971733352,5,30
"814",30,21,"conf_563",15000,6,1.9878216879,5,30
"815",30,21,"conf_563",30000,6,1.1555372762,5,30
"816",30,21,"conf_563",45000,6,0.9265625003,5,30
"817",30,21,"conf_563",1500,7,41.8180247102,5,30
"818",30,21,"conf_563",3000,7,23.8348937862,5,30
"819",30,21,"conf_563",9000,7,9.297554641,5,30
"820",30,21,"conf_563",15000,7,4.4888976875,5,30
"821",30,21,"conf_563",30000,7,2.6521689964,5,30
"822",30,21,"conf_563",45000,7,2.2693388687,5,30
"823",30,21,"conf_563",1500,8,48.7720495474,5,30
"824",30,21,"conf_563",3000,8,12.0176228154,5,30
"825",30,21,"conf_563",9000,8,2.1606329955,5,30
"826",30,21,"conf_563",15000,8,0.1861818457,5,30
"827",30,21,"conf_563",30000,8,0.0144557302,5,30
"828",30,21,"conf_563",45000,8,0.0001772876,5,30
"829",30,21,"conf_563",1500,9,43.265864102,5,30
"830",30,21,"conf_563",3000,9,15.6453796632,5,30
"831",30,21,"conf_563",9000,9,4.7630593366,5,30
"832",30,21,"conf_563",15000,9,2.0843375428,5,30
"833",30,21,"conf_563",30000,9,1.7062208722,5,30
"834",30,21,"conf_563",45000,9,1.0785009894,5,30
"835",30,21,"conf_563",1500,10,36.1581793853,5,30
"836",30,21,"conf_563",3000,10,11.1935496695,5,30
"837",30,21,"conf_563",9000,10,4.2492521861,5,30
"838",30,21,"conf_563",15000,10,3.0663688642,5,30
"839",30,21,"conf_563",30000,10,2.1724631031,5,30
"840",30,21,"conf_563",45000,10,2.1191893363,5,30
"841",30,22,"conf_563",1500,1,34.503652997,5,30
"842",30,22,"conf_563",3000,1,16.0072012702,5,30
"843",30,22,"conf_563",9000,1,7.4292480778,5,30
"844",30,22,"conf_563",15000,1,7.2739450559,5,30
"845",30,22,"conf_563",30000,1,7.2716292114,5,30
"846",30,22,"conf_563",45000,1,7.2716291936,5,30
"847",30,22,"conf_563",1500,2,54.0460402533,5,30
"848",30,22,"conf_563",3000,2,21.2395171379,5,30
"849",30,22,"conf_563",9000,2,11.3665016862,5,30
"850",30,22,"conf_563",15000,2,11.1265470799,5,30
"851",30,22,"conf_563",30000,2,11.1256184538,5,30
"852",30,22,"conf_563",45000,2,11.1256184504,5,30
"853",30,22,"conf_563",1500,3,52.0921903385,5,30
"854",30,22,"conf_563",3000,3,20.028717277,5,30
"855",30,22,"conf_563",9000,3,7.5699258611,5,30
"856",30,22,"conf_563",15000,3,7.2824110634,5,30
"857",30,22,"conf_563",30000,3,7.2716299718,5,30
"858",30,22,"conf_563",45000,3,1.2861213752,5,30
"859",30,22,"conf_563",1500,4,44.4667243736,5,30
"860",30,22,"conf_563",3000,4,15.9416405535,5,30
"861",30,22,"conf_563",9000,4,1.981166621,5,30
"862",30,22,"conf_563",15000,4,0.7752516151,5,30
"863",30,22,"conf_563",30000,4,0.6918782356,5,30
"864",30,22,"conf_563",45000,4,0.6918569227,5,30
"865",30,22,"conf_563",1500,5,59.637377281,5,30
"866",30,22,"conf_563",3000,5,35.2829154464,5,30
"867",30,22,"conf_563",9000,5,10.2317437915,5,30
"868",30,22,"conf_563",15000,5,7.4749382385,5,30
"869",30,22,"conf_563",30000,5,2.1155208177,5,30
"870",30,22,"conf_563",45000,5,1.9483314939,5,30
"871",30,22,"conf_563",1500,6,30.8799237506,5,30
"872",30,22,"conf_563",3000,6,10.6794520154,5,30
"873",30,22,"conf_563",9000,6,0.8475116831,5,30
"874",30,22,"conf_563",15000,6,0.6938861056,5,30
"875",30,22,"conf_563",30000,6,0.6918569517,5,30
"876",30,22,"conf_563",45000,6,0.6918569112,5,30
"877",30,22,"conf_563",1500,7,37.6928449885,5,30
"878",30,22,"conf_563",3000,7,19.7657883671,5,30
"879",30,22,"conf_563",9000,7,2.4171822477,5,30
"880",30,22,"conf_563",15000,7,1.3091736046,5,30
"881",30,22,"conf_563",30000,7,0.6921729089,5,30
"882",30,22,"conf_563",45000,7,0.6918569114,5,30
"883",30,22,"conf_563",1500,8,65.6223904191,5,30
"884",30,22,"conf_563",3000,8,27.955806674,5,30
"885",30,22,"conf_563",9000,8,9.2117734898,5,30
"886",30,22,"conf_563",15000,8,8.7700363804,5,30
"887",30,22,"conf_563",30000,8,8.2663618724,5,30
"888",30,22,"conf_563",45000,8,7.2291846346,5,30
"889",30,22,"conf_563",1500,9,32.3530817526,5,30
"890",30,22,"conf_563",3000,9,7.8284056034,5,30
"891",30,22,"conf_563",9000,9,0.7052290011,5,30
"892",30,22,"conf_563",15000,9,0.691902532,5,30
"893",30,22,"conf_563",30000,9,0.6918569112,5,30
"894",30,22,"conf_563",45000,9,0.6918569112,5,30
"895",30,22,"conf_563",1500,10,54.3079251573,5,30
"896",30,22,"conf_563",3000,10,21.7935174455,5,30
"897",30,22,"conf_563",9000,10,7.7024141456,5,30
"898",30,22,"conf_563",15000,10,7.3164897314,5,30
"899",30,22,"conf_563",30000,10,7.2716304314,5,30
"900",30,22,"conf_563",45000,10,7.2716291936,5,30
"901",30,23,"conf_563",1500,1,4.3039767323,5,30
"902",30,23,"conf_563",3000,1,3.3640912814,5,30
"903",30,23,"conf_563",9000,1,3.3640912814,5,30
"904",30,23,"conf_563",15000,1,3.1228179018,5,30
"905",30,23,"conf_563",30000,1,2.9482402348,5,30
"906",30,23,"conf_563",45000,1,2.5353298122,5,30
"907",30,23,"conf_563",1500,2,4.8348920781,5,30
"908",30,23,"conf_563",3000,2,4.0414341544,5,30
"909",30,23,"conf_563",9000,2,3.8090111785,5,30
"910",30,23,"conf_563",15000,2,2.8080619408,5,30
"911",30,23,"conf_563",30000,2,2.4900962525,5,30
"912",30,23,"conf_563",45000,2,2.4632464469,5,30
"913",30,23,"conf_563",1500,3,3.8418918458,5,30
"914",30,23,"conf_563",3000,3,3.8418918458,5,30
"915",30,23,"conf_563",9000,3,2.893797771,5,30
"916",30,23,"conf_563",15000,3,2.6957243528,5,30
"917",30,23,"conf_563",30000,3,2.5736327657,5,30
"918",30,23,"conf_563",45000,3,2.5736327657,5,30
"919",30,23,"conf_563",1500,4,4.471219827,5,30
"920",30,23,"conf_563",3000,4,4.471219827,5,30
"921",30,23,"conf_563",9000,4,3.3692795282,5,30
"922",30,23,"conf_563",15000,4,2.926135008,5,30
"923",30,23,"conf_563",30000,4,2.7786497494,5,30
"924",30,23,"conf_563",45000,4,2.6073138227,5,30
"925",30,23,"conf_563",1500,5,4.5710527527,5,30
"926",30,23,"conf_563",3000,5,3.8705920784,5,30
"927",30,23,"conf_563",9000,5,3.0068516748,5,30
"928",30,23,"conf_563",15000,5,3.0068516748,5,30
"929",30,23,"conf_563",30000,5,2.3786631365,5,30
"930",30,23,"conf_563",45000,5,2.0967676552,5,30
"931",30,23,"conf_563",1500,6,5.2759450365,5,30
"932",30,23,"conf_563",3000,6,4.5188778878,5,30
"933",30,23,"conf_563",9000,6,3.1386764572,5,30
"934",30,23,"conf_563",15000,6,3.0637873115,5,30
"935",30,23,"conf_563",30000,6,1.9334105327,5,30
"936",30,23,"conf_563",45000,6,1.929016154,5,30
"937",30,23,"conf_563",1500,7,3.8409387274,5,30
"938",30,23,"conf_563",3000,7,3.8409387274,5,30
"939",30,23,"conf_563",9000,7,3.3359432574,5,30
"940",30,23,"conf_563",15000,7,3.3359432574,5,30
"941",30,23,"conf_563",30000,7,3.0652875074,5,30
"942",30,23,"conf_563",45000,7,2.6607629549,5,30
"943",30,23,"conf_563",1500,8,4.2079695146,5,30
"944",30,23,"conf_563",3000,8,3.7827055332,5,30
"945",30,23,"conf_563",9000,8,3.6747541285,5,30
"946",30,23,"conf_563",15000,8,2.2333317285,5,30
"947",30,23,"conf_563",30000,8,2.2214800768,5,30
"948",30,23,"conf_563",45000,8,2.2214800768,5,30
"949",30,23,"conf_563",1500,9,4.5119683703,5,30
"950",30,23,"conf_563",3000,9,4.5119683703,5,30
"951",30,23,"conf_563",9000,9,3.4602588511,5,30
"952",30,23,"conf_563",15000,9,2.9560020917,5,30
"953",30,23,"conf_563",30000,9,2.3580108685,5,30
"954",30,23,"conf_563",45000,9,2.0685138706,5,30
"955",30,23,"conf_563",1500,10,3.6381615274,5,30
"956",30,23,"conf_563",3000,10,3.6381615274,5,30
"957",30,23,"conf_563",9000,10,2.9388490414,5,30
"958",30,23,"conf_563",15000,10,2.897065548,5,30
"959",30,23,"conf_563",30000,10,2.8503577463,5,30
"960",30,23,"conf_563",45000,10,2.1245451344,5,30
"961",30,24,"conf_563",1500,1,518.3072400813,5,30
"962",30,24,"conf_563",3000,1,417.1583509484,5,30
"963",30,24,"conf_563",9000,1,313.9836439237,5,30
"964",30,24,"conf_563",15000,1,278.6055487913,5,30
"965",30,24,"conf_563",30000,1,253.1290985222,5,30
"966",30,24,"conf_563",45000,1,234.0510684557,5,30
"967",30,24,"conf_563",1500,2,463.8637408153,5,30
"968",30,24,"conf_563",3000,2,332.9253713187,5,30
"969",30,24,"conf_563",9000,2,306.9435169884,5,30
"970",30,24,"conf_563",15000,2,286.4285349013,5,30
"971",30,24,"conf_563",30000,2,247.9207220526,5,30
"972",30,24,"conf_563",45000,2,240.5167520114,5,30
"973",30,24,"conf_563",1500,3,416.0558726488,5,30
"974",30,24,"conf_563",3000,3,386.37522745,5,30
"975",30,24,"conf_563",9000,3,318.4826599839,5,30
"976",30,24,"conf_563",15000,3,274.9502874754,5,30
"977",30,24,"conf_563",30000,3,230.3506441896,5,30
"978",30,24,"conf_563",45000,3,226.9269784989,5,30
"979",30,24,"conf_563",1500,4,516.7231598631,5,30
"980",30,24,"conf_563",3000,4,425.6366735372,5,30
"981",30,24,"conf_563",9000,4,326.0261451616,5,30
"982",30,24,"conf_563",15000,4,261.7729766094,5,30
"983",30,24,"conf_563",30000,4,243.8997646497,5,30
"984",30,24,"conf_563",45000,4,221.0756337435,5,30
"985",30,24,"conf_563",1500,5,468.8496636952,5,30
"986",30,24,"conf_563",3000,5,438.4326972011,5,30
"987",30,24,"conf_563",9000,5,315.9842105645,5,30
"988",30,24,"conf_563",15000,5,307.3585461437,5,30
"989",30,24,"conf_563",30000,5,253.2153684054,5,30
"990",30,24,"conf_563",45000,5,221.7832896052,5,30
"991",30,24,"conf_563",1500,6,461.3554721093,5,30
"992",30,24,"conf_563",3000,6,395.7427686331,5,30
"993",30,24,"conf_563",9000,6,315.7038986734,5,30
"994",30,24,"conf_563",15000,6,263.1452233924,5,30
"995",30,24,"conf_563",30000,6,198.6206739143,5,30
"996",30,24,"conf_563",45000,6,177.6565325972,5,30
"997",30,24,"conf_563",1500,7,480.0627075307,5,30
"998",30,24,"conf_563",3000,7,411.0866356686,5,30
"999",30,24,"conf_563",9000,7,284.0063103288,5,30
"1000",30,24,"conf_563",15000,7,263.9639586921,5,30
"1001",30,24,"conf_563",30000,7,225.8161211257,5,30
"1002",30,24,"conf_563",45000,7,208.003600767,5,30
"1003",30,24,"conf_563",1500,8,442.8133728698,5,30
"1004",30,24,"conf_563",3000,8,380.593642201,5,30
"1005",30,24,"conf_563",9000,8,305.2764669862,5,30
"1006",30,24,"conf_563",15000,8,251.886743944,5,30
"1007",30,24,"conf_563",30000,8,231.8845964708,5,30
"1008",30,24,"conf_563",45000,8,212.69576381,5,30
"1009",30,24,"conf_563",1500,9,462.0219053745,5,30
"1010",30,24,"conf_563",3000,9,399.3916027925,5,30
"1011",30,24,"conf_563",9000,9,301.7167430129,5,30
"1012",30,24,"conf_563",15000,9,276.5854240839,5,30
"1013",30,24,"conf_563",30000,9,262.1491050731,5,30
"1014",30,24,"conf_563",45000,9,237.4864029121,5,30
"1015",30,24,"conf_563",1500,10,430.9918269025,5,30
"1016",30,24,"conf_563",3000,10,317.2333997279,5,30
"1017",30,24,"conf_563",9000,10,297.9980829059,5,30
"1018",30,24,"conf_563",15000,10,266.9081860046,5,30
"1019",30,24,"conf_563",30000,10,238.2188815473,5,30
"1020",30,24,"conf_563",45000,10,218.7717819362,5,30
"1021",30,3,"conf_563",1500,1,246.9823236671,5,30
"1022",30,3,"conf_563",3000,1,126.8541393813,5,30
"1023",30,3,"conf_563",9000,1,22.7844487459,5,30
"1024",30,3,"conf_563",15000,1,8.0726699071,5,30
"1025",30,3,"conf_563",30000,1,0.0035653897,5,30
"1026",30,3,"conf_563",45000,1,0,5,30
"1027",30,3,"conf_563",1500,2,288.2507737969,5,30
"1028",30,3,"conf_563",3000,2,129.5420394648,5,30
"1029",30,3,"conf_563",9000,2,19.2446303143,5,30
"1030",30,3,"conf_563",15000,2,5.5404841336,5,30
"1031",30,3,"conf_563",30000,2,5.49405e-05,5,30
"1032",30,3,"conf_563",45000,2,0,5,30
"1033",30,3,"conf_563",1500,3,327.7993188554,5,30
"1034",30,3,"conf_563",3000,3,131.2019493224,5,30
"1035",30,3,"conf_563",9000,3,29.6150360369,5,30
"1036",30,3,"conf_563",15000,3,4.3683687282,5,30
"1037",30,3,"conf_563",30000,3,5.66681e-05,5,30
"1038",30,3,"conf_563",45000,3,0,5,30
"1039",30,3,"conf_563",1500,4,273.9370653302,5,30
"1040",30,3,"conf_563",3000,4,119.999219086,5,30
"1041",30,3,"conf_563",9000,4,31.2274458305,5,30
"1042",30,3,"conf_563",15000,4,5.8908609742,5,30
"1043",30,3,"conf_563",30000,4,7.4317e-06,5,30
"1044",30,3,"conf_563",45000,4,0,5,30
"1045",30,3,"conf_563",1500,5,252.2317093436,5,30
"1046",30,3,"conf_563",3000,5,101.8366632931,5,30
"1047",30,3,"conf_563",9000,5,31.3189878436,5,30
"1048",30,3,"conf_563",15000,5,10.709578717,5,30
"1049",30,3,"conf_563",30000,5,1.0034268293,5,30
"1050",30,3,"conf_563",45000,5,0.9949590571,5,30
"1051",30,3,"conf_563",1500,6,268.4751369747,5,30
"1052",30,3,"conf_563",3000,6,122.4071612772,5,30
"1053",30,3,"conf_563",9000,6,32.1512687108,5,30
"1054",30,3,"conf_563",15000,6,6.3888395633,5,30
"1055",30,3,"conf_563",30000,6,0.0012102923,5,30
"1056",30,3,"conf_563",45000,6,0,5,30
"1057",30,3,"conf_563",1500,7,328.9124720797,5,30
"1058",30,3,"conf_563",3000,7,159.127775017,5,30
"1059",30,3,"conf_563",9000,7,21.6135960948,5,30
"1060",30,3,"conf_563",15000,7,6.7974230966,5,30
"1061",30,3,"conf_563",30000,7,0.0001852671,5,30
"1062",30,3,"conf_563",45000,7,0,5,30
"1063",30,3,"conf_563",1500,8,281.3428634846,5,30
"1064",30,3,"conf_563",3000,8,122.4906464041,5,30
"1065",30,3,"conf_563",9000,8,25.8779195009,5,30
"1066",30,3,"conf_563",15000,8,2.9340400381,5,30
"1067",30,3,"conf_563",30000,8,6.93048e-05,5,30
"1068",30,3,"conf_563",45000,8,0,5,30
"1069",30,3,"conf_563",1500,9,277.0110227216,5,30
"1070",30,3,"conf_563",3000,9,136.9697754788,5,30
"1071",30,3,"conf_563",9000,9,35.4509075539,5,30
"1072",30,3,"conf_563",15000,9,9.6154285318,5,30
"1073",30,3,"conf_563",30000,9,0.0008466753,5,30
"1074",30,3,"conf_563",45000,9,0,5,30
"1075",30,3,"conf_563",1500,10,262.2365319159,5,30
"1076",30,3,"conf_563",3000,10,130.6450048043,5,30
"1077",30,3,"conf_563",9000,10,24.4860741504,5,30
"1078",30,3,"conf_563",15000,10,1.3614060821,5,30
"1079",30,3,"conf_563",30000,10,0.9949592315,5,30
"1080",30,3,"conf_563",45000,10,0.9949590571,5,30
"1081",30,4,"conf_563",1500,1,403.9290251238,5,30
"1082",30,4,"conf_563",3000,1,154.1090000905,5,30
"1083",30,4,"conf_563",9000,1,40.1144427192,5,30
"1084",30,4,"conf_563",15000,1,14.1693688528,5,30
"1085",30,4,"conf_563",30000,1,4.465506241,5,30
"1086",30,4,"conf_563",45000,1,3.9799361752,5,30
"1087",30,4,"conf_563",1500,2,433.7378119933,5,30
"1088",30,4,"conf_563",3000,2,187.4082920241,5,30
"1089",30,4,"conf_563",9000,2,34.2984213181,5,30
"1090",30,4,"conf_563",15000,2,15.65402816,5,30
"1091",30,4,"conf_563",30000,2,6.2347901167,5,30
"1092",30,4,"conf_563",45000,2,4.9748152137,5,30
"1093",30,4,"conf_563",1500,3,326.5318872509,5,30
"1094",30,4,"conf_563",3000,3,184.7624748627,5,30
"1095",30,4,"conf_563",9000,3,44.3458190247,5,30
"1096",30,4,"conf_563",15000,3,18.3293881116,5,30
"1097",30,4,"conf_563",30000,3,7.0681692568,5,30
"1098",30,4,"conf_563",45000,3,4.9757870757,5,30
"1099",30,4,"conf_563",1500,4,410.5482328327,5,30
"1100",30,4,"conf_563",3000,4,177.176119339,5,30
"1101",30,4,"conf_563",9000,4,43.8166520318,5,30
"1102",30,4,"conf_563",15000,4,13.8325267164,5,30
"1103",30,4,"conf_563",30000,4,4.9837224702,5,30
"1104",30,4,"conf_563",45000,4,3.1364251634,5,30
"1105",30,4,"conf_563",1500,5,375.3243251532,5,30
"1106",30,4,"conf_563",3000,5,190.0999391054,5,30
"1107",30,4,"conf_563",9000,5,44.9233683002,5,30
"1108",30,4,"conf_563",15000,5,17.2243467338,5,30
"1109",30,4,"conf_563",30000,5,5.0083013506,5,30
"1110",30,4,"conf_563",45000,5,2.9858254816,5,30
"1111",30,4,"conf_563",1500,6,355.5424239987,5,30
"1112",30,4,"conf_563",3000,6,174.3161036492,5,30
"1113",30,4,"conf_563",9000,6,48.0739979821,5,30
"1114",30,4,"conf_563",15000,6,18.1798284411,5,30
"1115",30,4,"conf_563",30000,6,3.3197204421,5,30
"1116",30,4,"conf_563",45000,6,2.9849407206,5,30
"1117",30,4,"conf_563",1500,7,348.0573919231,5,30
"1118",30,4,"conf_563",3000,7,189.4043213758,5,30
"1119",30,4,"conf_563",9000,7,37.1786238417,5,30
"1120",30,4,"conf_563",15000,7,12.6416305488,5,30
"1121",30,4,"conf_563",30000,7,5.0825298384,5,30
"1122",30,4,"conf_563",45000,7,3.9839573237,5,30
"1123",30,4,"conf_563",1500,8,406.0148533486,5,30
"1124",30,4,"conf_563",3000,8,194.095614536,5,30
"1125",30,4,"conf_563",9000,8,45.2961844567,5,30
"1126",30,4,"conf_563",15000,8,15.8572611871,5,30
"1127",30,4,"conf_563",30000,8,4.1996534319,5,30
"1128",30,4,"conf_563",45000,8,3.0063086148,5,30
"1129",30,4,"conf_563",1500,9,397.017232982,5,30
"1130",30,4,"conf_563",3000,9,169.0932152743,5,30
"1131",30,4,"conf_563",9000,9,41.2387652421,5,30
"1132",30,4,"conf_563",15000,9,18.9574713467,5,30
"1133",30,4,"conf_563",30000,9,6.1089264766,5,30
"1134",30,4,"conf_563",45000,9,4.032254595,5,30
"1135",30,4,"conf_563",1500,10,429.2551172577,5,30
"1136",30,4,"conf_563",3000,10,171.8316768512,5,30
"1137",30,4,"conf_563",9000,10,41.7492986361,5,30
"1138",30,4,"conf_563",15000,10,17.3977514837,5,30
"1139",30,4,"conf_563",30000,10,6.0982984393,5,30
"1140",30,4,"conf_563",45000,10,2.9995399714,5,30
"1141",30,5,"conf_563",1500,1,63.3302551277,5,30
"1142",30,5,"conf_563",3000,1,2.0266259594,5,30
"1143",30,5,"conf_563",9000,1,1.3e-09,5,30
"1144",30,5,"conf_563",15000,1,0,5,30
"1145",30,5,"conf_563",30000,1,0,5,30
"1146",30,5,"conf_563",45000,1,0,5,30
"1147",30,5,"conf_563",1500,2,49.7076551968,5,30
"1148",30,5,"conf_563",3000,2,4.9922353046,5,30
"1149",30,5,"conf_563",9000,2,2.7865e-06,5,30
"1150",30,5,"conf_563",15000,2,0,5,30
"1151",30,5,"conf_563",30000,2,0,5,30
"1152",30,5,"conf_563",45000,2,0,5,30
"1153",30,5,"conf_563",1500,3,35.1600342942,5,30
"1154",30,5,"conf_563",3000,3,4.0389436796,5,30
"1155",30,5,"conf_563",9000,3,1.45208e-05,5,30
"1156",30,5,"conf_563",15000,3,0,5,30
"1157",30,5,"conf_563",30000,3,0,5,30
"1158",30,5,"conf_563",45000,3,0,5,30
"1159",30,5,"conf_563",1500,4,47.528390469,5,30
"1160",30,5,"conf_563",3000,4,2.8523776467,5,30
"1161",30,5,"conf_563",9000,4,1.42238e-05,5,30
"1162",30,5,"conf_563",15000,4,0,5,30
"1163",30,5,"conf_563",30000,4,0,5,30
"1164",30,5,"conf_563",45000,4,0,5,30
"1165",30,5,"conf_563",1500,5,43.7836196966,5,30
"1166",30,5,"conf_563",3000,5,2.693726029,5,30
"1167",30,5,"conf_563",9000,5,1.14961e-05,5,30
"1168",30,5,"conf_563",15000,5,0,5,30
"1169",30,5,"conf_563",30000,5,0,5,30
"1170",30,5,"conf_563",45000,5,0,5,30
"1171",30,5,"conf_563",1500,6,24.8038602641,5,30
"1172",30,5,"conf_563",3000,6,1.7954891088,5,30
"1173",30,5,"conf_563",9000,6,4.144e-07,5,30
"1174",30,5,"conf_563",15000,6,0,5,30
"1175",30,5,"conf_563",30000,6,0,5,30
"1176",30,5,"conf_563",45000,6,0,5,30
"1177",30,5,"conf_563",1500,7,43.9367938859,5,30
"1178",30,5,"conf_563",3000,7,3.3291369377,5,30
"1179",30,5,"conf_563",9000,7,0,5,30
"1180",30,5,"conf_563",15000,7,0,5,30
"1181",30,5,"conf_563",30000,7,0,5,30
"1182",30,5,"conf_563",45000,7,0,5,30
"1183",30,5,"conf_563",1500,8,36.9221220605,5,30
"1184",30,5,"conf_563",3000,8,2.4628788706,5,30
"1185",30,5,"conf_563",9000,8,3.745e-07,5,30
"1186",30,5,"conf_563",15000,8,0,5,30
"1187",30,5,"conf_563",30000,8,0,5,30
"1188",30,5,"conf_563",45000,8,0,5,30
"1189",30,5,"conf_563",1500,9,20.2857573339,5,30
"1190",30,5,"conf_563",3000,9,2.6324758243,5,30
"1191",30,5,"conf_563",9000,9,2.8987e-06,5,30
"1192",30,5,"conf_563",15000,9,0,5,30
"1193",30,5,"conf_563",30000,9,0,5,30
"1194",30,5,"conf_563",45000,9,0,5,30
"1195",30,5,"conf_563",1500,10,56.7055926479,5,30
"1196",30,5,"conf_563",3000,10,5.7404850034,5,30
"1197",30,5,"conf_563",9000,10,1.36294e-05,5,30
"1198",30,5,"conf_563",15000,10,0,5,30
"1199",30,5,"conf_563",30000,10,0,5,30
"1200",30,5,"conf_563",45000,10,0,5,30
"1201",30,6,"conf_563",1500,1,886.4327935372,5,30
"1202",30,6,"conf_563",3000,1,148.3352566478,5,30
"1203",30,6,"conf_563",9000,1,55.4114398558,5,30
"1204",30,6,"conf_563",15000,1,22.9835478533,5,30
"1205",30,6,"conf_563",30000,1,0.7852469604,5,30
"1206",30,6,"conf_563",45000,1,0.0293821478,5,30
"1207",30,6,"conf_563",1500,2,254.5648824918,5,30
"1208",30,6,"conf_563",3000,2,123.8736607695,5,30
"1209",30,6,"conf_563",9000,2,39.3044601509,5,30
"1210",30,6,"conf_563",15000,2,10.2098822293,5,30
"1211",30,6,"conf_563",30000,2,0.4575897773,5,30
"1212",30,6,"conf_563",45000,2,0.0420594057,5,30
"1213",30,6,"conf_563",1500,3,385.9195906208,5,30
"1214",30,6,"conf_563",3000,3,230.7802946091,5,30
"1215",30,6,"conf_563",9000,3,72.0593032972,5,30
"1216",30,6,"conf_563",15000,3,29.5979721455,5,30
"1217",30,6,"conf_563",30000,3,1.5447081523,5,30
"1218",30,6,"conf_563",45000,3,0.1464996926,5,30
"1219",30,6,"conf_563",1500,4,331.7036301696,5,30
"1220",30,6,"conf_563",3000,4,214.5807844835,5,30
"1221",30,6,"conf_563",9000,4,53.5227357543,5,30
"1222",30,6,"conf_563",15000,4,12.8210678156,5,30
"1223",30,6,"conf_563",30000,4,1.2333828614,5,30
"1224",30,6,"conf_563",45000,4,0.0862608071,5,30
"1225",30,6,"conf_563",1500,5,257.2903662848,5,30
"1226",30,6,"conf_563",3000,5,215.3617688612,5,30
"1227",30,6,"conf_563",9000,5,61.1154655815,5,30
"1228",30,6,"conf_563",15000,5,14.2365965992,5,30
"1229",30,6,"conf_563",30000,5,1.5058662113,5,30
"1230",30,6,"conf_563",45000,5,0.2849939566,5,30
"1231",30,6,"conf_563",1500,6,221.1555226832,5,30
"1232",30,6,"conf_563",3000,6,205.4890592584,5,30
"1233",30,6,"conf_563",9000,6,85.1978480167,5,30
"1234",30,6,"conf_563",15000,6,27.0140279764,5,30
"1235",30,6,"conf_563",30000,6,1.4888384468,5,30
"1236",30,6,"conf_563",45000,6,0.1544748957,5,30
"1237",30,6,"conf_563",1500,7,312.7316155983,5,30
"1238",30,6,"conf_563",3000,7,215.0067776714,5,30
"1239",30,6,"conf_563",9000,7,58.9445020342,5,30
"1240",30,6,"conf_563",15000,7,23.7909788487,5,30
"1241",30,6,"conf_563",30000,7,0.8421050342,5,30
"1242",30,6,"conf_563",45000,7,0.0992389419,5,30
"1243",30,6,"conf_563",1500,8,3582.8175071239,5,30
"1244",30,6,"conf_563",3000,8,159.3456725945,5,30
"1245",30,6,"conf_563",9000,8,55.3047868284,5,30
"1246",30,6,"conf_563",15000,8,21.9584226558,5,30
"1247",30,6,"conf_563",30000,8,2.5202260638,5,30
"1248",30,6,"conf_563",45000,8,0.3011563399,5,30
"1249",30,6,"conf_563",1500,9,676.2605015912,5,30
"1250",30,6,"conf_563",3000,9,115.4008717245,5,30
"1251",30,6,"conf_563",9000,9,67.3467305378,5,30
"1252",30,6,"conf_563",15000,9,38.7862438614,5,30
"1253",30,6,"conf_563",30000,9,1.414850626,5,30
"1254",30,6,"conf_563",45000,9,0.197536129,5,30
"1255",30,6,"conf_563",1500,10,369.9632379038,5,30
"1256",30,6,"conf_563",3000,10,215.0088794574,5,30
"1257",30,6,"conf_563",9000,10,46.0448770113,5,30
"1258",30,6,"conf_563",15000,10,8.844674783,5,30
"1259",30,6,"conf_563",30000,10,0.451851333,5,30
"1260",30,6,"conf_563",45000,10,0.0415300407,5,30
"1261",30,7,"conf_563",1500,1,209.7812977314,5,30
"1262",30,7,"conf_563",3000,1,76.9222774435,5,30
"1263",30,7,"conf_563",9000,1,20.9757794817,5,30
"1264",30,7,"conf_563",15000,1,11.4696653535,5,30
"1265",30,7,"conf_563",30000,1,8.9378756147,5,30
"1266",30,7,"conf_563",45000,1,7.8139004354,5,30
"1267",30,7,"conf_563",1500,2,206.0524118409,5,30
"1268",30,7,"conf_563",3000,2,78.8633972938,5,30
"1269",30,7,"conf_563",9000,2,23.5520322502,5,30
"1270",30,7,"conf_563",15000,2,10.769376603,5,30
"1271",30,7,"conf_563",30000,2,8.2398630872,5,30
"1272",30,7,"conf_563",45000,2,7.6140329601,5,30
"1273",30,7,"conf_563",1500,3,197.8667389601,5,30
"1274",30,7,"conf_563",3000,3,122.8433121362,5,30
"1275",30,7,"conf_563",9000,3,31.9543583696,5,30
"1276",30,7,"conf_563",15000,3,28.817968168,5,30
"1277",30,7,"conf_563",30000,3,19.9442352799,5,30
"1278",30,7,"conf_563",45000,3,17.1646112161,5,30
"1279",30,7,"conf_563",1500,4,201.6358723864,5,30
"1280",30,7,"conf_563",3000,4,123.1392675559,5,30
"1281",30,7,"conf_563",9000,4,40.8335281883,5,30
"1282",30,7,"conf_563",15000,4,16.2987993517,5,30
"1283",30,7,"conf_563",30000,4,7.7552907393,5,30
"1284",30,7,"conf_563",45000,4,6.3087120571,5,30
"1285",30,7,"conf_563",1500,5,221.5111079784,5,30
"1286",30,7,"conf_563",3000,5,69.9901172322,5,30
"1287",30,7,"conf_563",9000,5,25.8093312271,5,30
"1288",30,7,"conf_563",15000,5,17.9032965779,5,30
"1289",30,7,"conf_563",30000,5,13.3901241312,5,30
"1290",30,7,"conf_563",45000,5,13.3000302702,5,30
"1291",30,7,"conf_563",1500,6,124.6603257817,5,30
"1292",30,7,"conf_563",3000,6,57.6026051224,5,30
"1293",30,7,"conf_563",9000,6,28.2669355303,5,30
"1294",30,7,"conf_563",15000,6,20.8172628782,5,30
"1295",30,7,"conf_563",30000,6,19.1712811169,5,30
"1296",30,7,"conf_563",45000,6,12.1099691458,5,30
"1297",30,7,"conf_563",1500,7,181.3597751996,5,30
"1298",30,7,"conf_563",3000,7,69.0139670576,5,30
"1299",30,7,"conf_563",9000,7,23.5522403656,5,30
"1300",30,7,"conf_563",15000,7,15.8623963244,5,30
"1301",30,7,"conf_563",30000,7,10.1243177808,5,30
"1302",30,7,"conf_563",45000,7,9.9853939811,5,30
"1303",30,7,"conf_563",1500,8,162.509242907,5,30
"1304",30,7,"conf_563",3000,8,84.6931560454,5,30
"1305",30,7,"conf_563",9000,8,22.3622593851,5,30
"1306",30,7,"conf_563",15000,8,14.3797297201,5,30
"1307",30,7,"conf_563",30000,8,5.0621934865,5,30
"1308",30,7,"conf_563",45000,8,4.4565148093,5,30
"1309",30,7,"conf_563",1500,9,166.4970953427,5,30
"1310",30,7,"conf_563",3000,9,97.804591099,5,30
"1311",30,7,"conf_563",9000,9,26.9558834937,5,30
"1312",30,7,"conf_563",15000,9,13.0992829392,5,30
"1313",30,7,"conf_563",30000,9,7.2961907195,5,30
"1314",30,7,"conf_563",45000,9,7.1317106491,5,30
"1315",30,7,"conf_563",1500,10,206.0288717659,5,30
"1316",30,7,"conf_563",3000,10,106.5355354509,5,30
"1317",30,7,"conf_563",9000,10,28.4678430588,5,30
"1318",30,7,"conf_563",15000,10,14.7110875679,5,30
"1319",30,7,"conf_563",30000,10,8.7042351118,5,30
"1320",30,7,"conf_563",45000,10,7.808898124,5,30
"1321",30,8,"conf_563",1500,1,3066.6244814292,5,30
"1322",30,8,"conf_563",3000,1,393.9450856791,5,30
"1323",30,8,"conf_563",9000,1,25.3195442105,5,30
"1324",30,8,"conf_563",15000,1,23.2021862037,5,30
"1325",30,8,"conf_563",30000,1,20.9423621516,5,30
"1326",30,8,"conf_563",45000,1,19.4340754232,5,30
"1327",30,8,"conf_563",1500,2,4015.1655605783,5,30
"1328",30,8,"conf_563",3000,2,275.5407366144,5,30
"1329",30,8,"conf_563",9000,2,27.6628246615,5,30
"1330",30,8,"conf_563",15000,2,25.7186951406,5,30
"1331",30,8,"conf_563",30000,2,23.1771392424,5,30
"1332",30,8,"conf_563",45000,2,20.8045111736,5,30
"1333",30,8,"conf_563",1500,3,2863.1358638502,5,30
"1334",30,8,"conf_563",3000,3,245.2584991577,5,30
"1335",30,8,"conf_563",9000,3,23.0052022173,5,30
"1336",30,8,"conf_563",15000,3,21.3886563139,5,30
"1337",30,8,"conf_563",30000,3,18.1596362784,5,30
"1338",30,8,"conf_563",45000,3,16.375156247,5,30
"1339",30,8,"conf_563",1500,4,3290.4873314984,5,30
"1340",30,8,"conf_563",3000,4,248.9787578431,5,30
"1341",30,8,"conf_563",9000,4,27.774128402,5,30
"1342",30,8,"conf_563",15000,4,26.029200327,5,30
"1343",30,8,"conf_563",30000,4,23.2755222901,5,30
"1344",30,8,"conf_563",45000,4,20.7373783727,5,30
"1345",30,8,"conf_563",1500,5,2419.4008012059,5,30
"1346",30,8,"conf_563",3000,5,183.5806303096,5,30
"1347",30,8,"conf_563",9000,5,26.3086762271,5,30
"1348",30,8,"conf_563",15000,5,25.1307557661,5,30
"1349",30,8,"conf_563",30000,5,22.1314052005,5,30
"1350",30,8,"conf_563",45000,5,20.4702500242,5,30
"1351",30,8,"conf_563",1500,6,2538.5771925938,5,30
"1352",30,8,"conf_563",3000,6,279.6940409116,5,30
"1353",30,8,"conf_563",9000,6,27.0076161872,5,30
"1354",30,8,"conf_563",15000,6,25.0478387688,5,30
"1355",30,8,"conf_563",30000,6,22.199726649,5,30
"1356",30,8,"conf_563",45000,6,19.6248224278,5,30
"1357",30,8,"conf_563",1500,7,4887.6420337305,5,30
"1358",30,8,"conf_563",3000,7,297.7103603465,5,30
"1359",30,8,"conf_563",9000,7,25.4356975653,5,30
"1360",30,8,"conf_563",15000,7,23.985932005,5,30
"1361",30,8,"conf_563",30000,7,22.1657677553,5,30
"1362",30,8,"conf_563",45000,7,20.3202596482,5,30
"1363",30,8,"conf_563",1500,8,3255.4374740702,5,30
"1364",30,8,"conf_563",3000,8,276.4118323963,5,30
"1365",30,8,"conf_563",9000,8,78.0889182417,5,30
"1366",30,8,"conf_563",15000,8,76.0383389462,5,30
"1367",30,8,"conf_563",30000,8,23.2848754477,5,30
"1368",30,8,"conf_563",45000,8,21.4126403289,5,30
"1369",30,8,"conf_563",1500,9,4842.985998617,5,30
"1370",30,8,"conf_563",3000,9,221.1667837386,5,30
"1371",30,8,"conf_563",9000,9,26.0413828036,5,30
"1372",30,8,"conf_563",15000,9,24.3334741708,5,30
"1373",30,8,"conf_563",30000,9,20.9316727377,5,30
"1374",30,8,"conf_563",45000,9,17.9703450453,5,30
"1375",30,8,"conf_563",1500,10,2216.369696584,5,30
"1376",30,8,"conf_563",3000,10,187.2850315025,5,30
"1377",30,8,"conf_563",9000,10,26.7931229836,5,30
"1378",30,8,"conf_563",15000,10,25.4709054334,5,30
"1379",30,8,"conf_563",30000,10,23.0249969383,5,30
"1380",30,8,"conf_563",45000,10,20.9480310751,5,30
"1381",30,9,"conf_563",1500,1,2532.4286548801,5,30
"1382",30,9,"conf_563",3000,1,489.2130254265,5,30
"1383",30,9,"conf_563",9000,1,27.8706004026,5,30
"1384",30,9,"conf_563",15000,1,27.2606452007,5,30
"1385",30,9,"conf_563",30000,1,26.6899278358,5,30
"1386",30,9,"conf_563",45000,1,26.1236904077,5,30
"1387",30,9,"conf_563",1500,2,4924.7066739541,5,30
"1388",30,9,"conf_563",3000,2,533.3895881313,5,30
"1389",30,9,"conf_563",9000,2,31.6973994031,5,30
"1390",30,9,"conf_563",15000,2,28.3368643647,5,30
"1391",30,9,"conf_563",30000,2,27.645143249,5,30
"1392",30,9,"conf_563",45000,2,27.1911214287,5,30
"1393",30,9,"conf_563",1500,3,5768.1858224759,5,30
"1394",30,9,"conf_563",3000,3,471.5192011613,5,30
"1395",30,9,"conf_563",9000,3,28.8698765757,5,30
"1396",30,9,"conf_563",15000,3,27.8972940846,5,30
"1397",30,9,"conf_563",30000,3,27.1637136579,5,30
"1398",30,9,"conf_563",45000,3,26.4614280541,5,30
"1399",30,9,"conf_563",1500,4,2454.2528703277,5,30
"1400",30,9,"conf_563",3000,4,540.4245434366,5,30
"1401",30,9,"conf_563",9000,4,30.1258609019,5,30
"1402",30,9,"conf_563",15000,4,27.7388847431,5,30
"1403",30,9,"conf_563",30000,4,27.1267270466,5,30
"1404",30,9,"conf_563",45000,4,26.5731715314,5,30
"1405",30,9,"conf_563",1500,5,6526.1711115147,5,30
"1406",30,9,"conf_563",3000,5,831.3130080943,5,30
"1407",30,9,"conf_563",9000,5,116.3504675762,5,30
"1408",30,9,"conf_563",15000,5,31.2830107949,5,30
"1409",30,9,"conf_563",30000,5,29.3290180581,5,30
"1410",30,9,"conf_563",45000,5,29.2467290484,5,30
"1411",30,9,"conf_563",1500,6,4972.0674063026,5,30
"1412",30,9,"conf_563",3000,6,479.2467940121,5,30
"1413",30,9,"conf_563",9000,6,29.8168956097,5,30
"1414",30,9,"conf_563",15000,6,26.0952940047,5,30
"1415",30,9,"conf_563",30000,6,25.427281136,5,30
"1416",30,9,"conf_563",45000,6,24.8196035852,5,30
"1417",30,9,"conf_563",1500,7,3646.5565606127,5,30
"1418",30,9,"conf_563",3000,7,354.639325146,5,30
"1419",30,9,"conf_563",9000,7,28.7461829691,5,30
"1420",30,9,"conf_563",15000,7,27.4090214409,5,30
"1421",30,9,"conf_563",30000,7,26.5887128347,5,30
"1422",30,9,"conf_563",45000,7,26.0622659137,5,30
"1423",30,9,"conf_563",1500,8,4583.3473591839,5,30
"1424",30,9,"conf_563",3000,8,258.4876701006,5,30
"1425",30,9,"conf_563",9000,8,26.9344466052,5,30
"1426",30,9,"conf_563",15000,8,26.1235389536,5,30
"1427",30,9,"conf_563",30000,8,25.5581854506,5,30
"1428",30,9,"conf_563",45000,8,24.9325623322,5,30
"1429",30,9,"conf_563",1500,9,2779.4275236102,5,30
"1430",30,9,"conf_563",3000,9,629.2044149652,5,30
"1431",30,9,"conf_563",9000,9,28.7990514449,5,30
"1432",30,9,"conf_563",15000,9,26.5459989717,5,30
"1433",30,9,"conf_563",30000,9,25.8413060434,5,30
"1434",30,9,"conf_563",45000,9,25.3096364132,5,30
"1435",30,9,"conf_563",1500,10,1946.2087771263,5,30
"1436",30,9,"conf_563",3000,10,300.6676339337,5,30
"1437",30,9,"conf_563",9000,10,31.2535429651,5,30
"1438",30,9,"conf_563",15000,10,28.1736276717,5,30
"1439",30,9,"conf_563",30000,10,27.0546468618,5,30
"1440",30,9,"conf_563",45000,10,26.527923554,5,30
