,0,1,2,3,4,5,6,7,8,9,10,11,12,13,14,15,16,17,18,19,20,21,22,23,24,25,26,27,28,29,30,31,32,33,34,35,36,37,38,39,40,41,42,43,44,45
10_1,-0.0009607924943110983,-0.016098392998016034,-0.010263310863002762,-0.007280313638191302,-0.00011299585339151851,-0.0025510478727963086,-0.00023851742842117537,-0.013343019828053804,0.07967963887784073,-0.01570154153510679,-0.029961602698839327,-0.0014162160831704363,0.010564900514294987,-0.0016973613633646319,0.011389422940640211,0.004164543455090731,0.008454436999523597,0.01799333132836318,0.009767901377814539,-0.0013073312907248365,0.10452457919007929,0.04314606449671313,0.028195839939576434,-0.023825002699412866,-0.10516905183249332,0.0862760704544297,0.04590494290011881,-0.09052113442717755,-0.02324810574536519,0.028759214325591597,0.15850758934256456,-0.010439639227925455,0.015399997080289529,0.10008976127738035,0.3336303007640657,0.11198936912342337,0.006654734547965099,-0.0015125491284961596,-0.008394428072945456,-0.009712775943411045,-0.006698924403075663,-0.00042499839482922877,-0.0047325243239862745,-0.003073871687536455,-0.017699700794123793,-0.14969415791789914
10_2,-0.00045874202007716405,-0.015540372404497415,-0.008640105354318988,-0.00630758411996272,0.0006349769661606417,-0.0021966106374576243,-0.00037725753386134005,-0.015566803585896545,0.09001646320938347,-0.013901628903348668,-0.029988316517134947,-0.0028556216748277423,0.011775651128804819,-0.0016862471851214946,0.014781510338324403,0.004967650097083997,0.01066357733894634,0.03466230185609363,0.011652592163941499,0.013045041855073164,0.09805190816684656,0.040805094341980465,0.03238556233783063,-0.02542259759420701,-0.02206095894118227,0.09446882057479573,0.04386675355169992,-0.08444931284279526,0.02495675430444025,0.04741997400255452,0.15842286799210673,-0.012096175158248535,0.016726263147110766,0.09746245853150842,0.3079649852557638,0.11803771402517428,0.010351689800281984,-0.0018503342773268712,-0.007299320447804492,-0.007723913910230195,-0.006526599191087879,-0.0006099362111088334,-0.004570834290187162,-0.0015402454742342812,-0.015919527880918254,-0.1332924447521096
10_4,0.000103674347682782,-0.014863938809735295,-0.008683559379317656,-0.006228181568763661,0.0009997409946014412,-0.0017072887041399744,0.0005899019206791182,-0.013219613358793389,0.08830712154246557,-0.011984360403985974,-0.02727683974857683,-0.0001701620178767028,0.006035813918520771,-0.003182768106049155,0.007147217770224237,0.0010914747438897769,0.009748970749260321,0.03669577366109917,0.009317401261125466,0.0008516214707722142,0.10344569872750192,0.0476741558496393,0.033773207575872606,-0.0232401377280174,-0.06911260237901508,0.09770267891242396,0.04911613055373515,-0.07876112142636582,0.026435300900607504,0.026019793982864362,0.15797293540632296,-0.007092256300869485,0.018772701649859502,0.10271551150177508,0.3451883952659612,0.11982276532593628,0.024642926263744536,-0.001135946067854872,-0.006791276840494975,-0.007560763235077113,-0.007216739115207555,7.74630047220422e-05,-0.0039951057338745615,-0.00011913739176402056,-0.013384709384766678,-0.1230895994892476
10_5,0.00047944432908396726,-0.01400272853274538,-0.00587998479805312,-0.00606775276183807,0.002932366357850301,-0.0013583325678131913,0.0024901394351999583,-0.016796235101576525,0.08588228660248041,-0.01428891807672378,-0.022297600262002216,0.0036738625801985268,0.012848241777620263,-0.0021530224032343835,0.005144352709876029,0.005446849765485835,0.00959141817316479,-0.01817816585952491,0.007789222226605719,0.002227024406409031,0.13439899863900057,0.03755808913177109,0.05535123117964817,-0.022000053761358815,0.04162664536685458,0.08811425460257089,0.042717492185968986,-0.0845869348469856,0.04161352717822108,0.0858993020574499,0.15805919493682744,-0.014298259945650307,0.021004983007983792,0.1079673367428219,0.26890498043296307,0.10872229245737758,0.0136224911693523,-0.0005637169544893946,-0.0065323472318368075,-0.005289767534752914,-0.008136739383565931,-6.5874538105568394e-06,-0.004676496612803339,-0.0006123363397307464,-0.013968929083134192,-0.3292285732458853
11_1,0.0018765801222116346,-0.011704464895632954,-0.00949078154309461,-0.012842105291971176,-0.0036531699054206178,0.012804643883183857,0.004510890929652268,-0.017784744844975567,0.0640233153190128,-0.04663037132806975,-0.03899780284611411,0.006138679652398237,-0.009910762052924441,0.0027707372164422596,0.0038707372348605164,-0.004494554878804206,0.03243737707993782,-0.02927733392575843,-0.00603240340341698,-0.004817800686477856,-0.1436178246910884,-0.0890257923881928,-0.06227357079161149,-0.040375507058067917,-0.15447490876159534,0.040157218180249594,0.0009958658535793963,-0.08958487359211531,-0.006506989661350736,-0.006192959379940598,0.14231971129348092,-0.014081277475044646,0.02301672407836156,-0.6300872450631391,-0.41153057911557983,0.09846621239612836,-0.02157626258629299,-0.011773441150654231,-0.005723698310159993,-0.00843182264869742,-0.01496211529886236,-0.005137957643800796,0.006048737065057442,-0.0031655321209429215,-0.018500229373130644,-0.626759903286538
11_2,0.00030102368514009725,-0.021963551373599063,-0.014447020321024509,-0.008430184450336976,-0.010834658444686595,0.0018357180982149798,-0.005211999535430465,-0.026568246720992665,0.0319561865890034,-0.024623073975542156,-0.027613219512884094,-0.008399394820977306,-0.0218330890635598,-0.0023345235159306903,-0.0002933751158461004,0.002921329437612153,0.004340912069380102,0.007778203615780659,-0.003269470715217584,-0.010477327398012442,-0.18490307069741327,-0.08920734364065086,0.04362822289749973,-0.029855892125922833,0.040631215010996015,0.04540705828426972,0.012462925041890506,-0.11725578275544662,0.029023409888496967,-0.010322898143891576,0.1241149641337959,-0.026558100675393263,0.013526668599318082,-0.47429237749793624,0.21970748423687966,0.09125201012594536,0.005541105683577331,-0.021251900093510745,-0.010331710949619983,-0.013193483405660855,-0.01614869875404364,-0.01303067658778001,-0.014126115104738296,-0.016630550333536383,-0.02494960478577609,-0.55760937815641
11_4,0.0011705027592545042,-0.013894716980141351,-0.010382505687551957,-0.009926963183940141,-0.006240892124407074,0.005398166882444784,-0.0011916885493143828,-0.025380370318916098,0.05760800871180179,-0.044728512569658194,-0.034983742866880024,-0.007746140931300884,0.005814966046064243,0.0025913502830834175,0.012351224828570597,0.009899164141315923,0.02267700918143675,0.019004505840169328,0.004386082728928865,0.00875694368970686,-0.19342738605013865,-0.087809631465793,0.03699855089530756,-0.039900005234000065,0.007304452484933981,0.04544950255912703,0.007195483124360594,-0.08736191349955712,-0.015228439560650026,0.011856209774724076,0.13652287427401416,-0.019191200584383065,0.020113492673826203,-0.6063368971750001,-0.2260029295101404,0.10155140570135426,-0.0123598978207596,-0.010314584356042477,-0.008339644996418366,-0.007215297467211821,-0.015693111098781975,-0.005234927594719435,-0.002108125978813695,-0.005461697187807633,-0.022125441239540522,-0.607518745238376
11_5,0.002776188480448144,-0.011192265684469618,-0.008907194319552439,-0.011583166091227417,-0.0016186219719894434,0.013336384151602263,0.0059099016550489426,-0.01819941051500325,0.06674612238193757,-0.04356119397384663,-0.037930052609247956,0.0020497850913181303,0.0024944239435442167,0.004465774308779067,0.019846687862496278,0.007194459126009038,0.03588171490566568,0.01908068078937202,0.008564208346875326,0.012263129547433345,-0.14093419752031627,-0.0848350149967751,-0.04646907463056984,-0.03627688527496251,-0.15222006489594575,0.04429793167333175,0.0020254992737033413,-0.0758305460312783,-0.004020156681942612,0.020617331902275254,0.1449118270361832,-0.013633095305215545,0.027772250510627264,-0.603463735906534,-0.40891091523489637,0.1082922448346837,-0.015909135847236897,-0.010493903066108848,-0.00592527396608873,-0.005588919822351288,-0.015019947204899523,-0.0037490015866552514,0.006543385629546981,-0.004348141571439645,-0.021096202512523334,-0.6117695091847095
12_1,-0.005128206842376749,0.0029567971934052867,-0.008343945144275368,0.014767680133858041,-0.022148181112768905,-0.020005195360270192,-0.007757985527256506,0.011622955624102047,0.049275689371393046,-0.08032843319182177,-0.04822871198824805,-0.029746256746802625,-0.0045982110660775614,-0.00463195873955526,0.013291330829162545,0.0020025116693277614,-0.047335078205268936,0.020822904156004754,0.0074183536697370244,0.010872431477717288,-0.19670117532132386,-0.042180961790730734,-0.106666779343406,-0.06239145191705904,-0.014616017529781608,0.018225815909116448,-0.022520108046991148,0.05379292091407205,-0.039101877553251736,-0.018922146248888168,0.07713371349182264,0.0368826820143001,-0.06493848997141981,-0.7307563317421205,-0.6264141891184087,0.09706531925899697,0.006808714371962407,0.0005411521765483862,0.0001960331028123361,-0.014235558168839662,0.006007259684060572,-0.00622690935772979,-0.019028882753886197,-0.006431589929950349,0.008081490680264345,-0.6814335777197481
12_2,0.002416826996544153,-0.007919817296375524,-0.002500580798581187,-0.005208957305147065,-0.00011686839988681529,-0.005450769957381836,0.0013611443739149917,-0.017432399805892815,0.047554476201839474,-0.05872506077597863,-0.04083394770611381,-0.011492225799279361,-0.006413754964612012,0.005477175465424797,0.012606703817637092,0.006092082943320989,0.04607885376568503,-0.035486141776522616,0.005334627469458215,0.005949479700366119,-0.14977226003368344,-0.004798485637159683,-0.05769669308165282,-0.05501428766902102,-0.012265235722611583,0.04530886937544362,0.009990363900982397,0.0670884787354365,-0.03382242081701159,0.009236948861915515,0.09339217849714758,-0.02641586720043469,-0.031864026468753276,-0.6327290899972939,-0.5333768773644153,0.10591924159275931,0.01657303606796127,0.006802655616995587,-0.00651708493429367,-0.0040895006545335205,-0.012834568418097178,-0.004937792577616272,-0.004556611930618685,-0.004425603251904904,-0.02403769680006961,-0.5631937985963297
12_4,-0.000209010020740525,-0.011068247967917352,0.0007395802631377378,0.015783209788541946,-0.009579239214860655,-0.007273725473795628,0.0032483927261039184,0.017106957081987617,0.0644522995767095,-0.06800080114233228,-0.045336103761773036,-0.022601374097188247,0.00416419368376909,0.0013066880633494091,0.012978533404270133,0.007876600721045296,-0.0032939131701692965,0.02584838761295672,0.008526850271591948,0.01622701949696761,-0.1692708672784725,0.006810516820857747,-0.0744675687296808,-0.05927896550812694,0.08287522147329215,0.019462760905229953,-0.011097430023204463,0.06297588584672989,-0.03331630060243947,0.009381969269432104,0.09606543448126914,0.019598670525558453,-0.03435531984738996,-0.6756706911208793,-0.5537780890825291,0.09450109117263694,0.012889515990579834,0.00761232817549599,-0.009333551934810884,-0.0054401169203944525,0.012353435243098378,0.0014896243457744197,-0.00621934941611985,0.005877094618457192,0.019018329722686314,-0.5642133415275574
12_5,-0.006347909171184796,-0.0028478749842422674,-0.0063725561572723745,0.0036531793375898514,-0.024946141820996144,-0.021917162461151468,-0.010698899868817474,0.006370195721037713,0.0576599497231177,-0.07333518141784656,-0.04963690642726944,-0.020585415226810642,0.016154804490408493,0.0017275440017367918,0.008000663340661011,-0.0053635901206878795,-0.05111656248251258,0.012856037198986828,-0.0023876433986867473,-0.0006960406695336204,-0.20288096677021036,-0.044895610648644564,-0.0980244882813131,-0.07474697657154786,-0.1800244963084073,0.008404190895134049,-0.01780150027707939,0.04923076538594334,-0.03990655905934031,-0.027649180214390903,0.08504129669940778,0.023584379788286147,-0.06992473171518278,-0.8029237572731948,-0.6892876281923929,0.08360249081601492,0.008954559198320665,-0.0039532066144239925,-0.0027815340256454792,-0.013177745119224515,0.00861196572542432,-0.01218711215424744,-0.025699659674019305,-0.004402286143557288,-0.00028865422236893496,-0.6938629798093289
13_1,-0.002207824341993847,-0.052653865546238715,-0.026547578619217783,0.007642585817821639,-0.004051360013326514,-0.009843575747833407,-0.005842197537619792,0.01250797497528027,0.06386053197776226,-0.02097134183385064,-0.03105255039298082,-0.0023951387174096584,0.004184809923626633,-0.0009895635943766765,0.0046217150820508195,0.001819935923583883,0.0003591586475187427,-0.04977196723164713,-6.059422254663882e-05,-0.01682297050750897,-0.05290758222164829,-0.024527783430154722,0.009486477413722307,-0.025434384490607528,-0.0030307713891182613,0.02130987990376625,0.06010526779016657,-0.19255520715424448,0.007344008810125269,-0.039526663685922406,0.14811508125521536,0.02910147399281761,-0.09251425929290658,0.0641050072644034,0.2960205574949081,0.010506318086750753,-0.18737260978918202,0.002074921046909317,-0.03857247757943826,-0.023326981007049843,0.00425367638106008,-0.002248609651482178,-0.010764714716562755,-0.006360854219893273,0.02100591730950407,0.20332428625019422
13_2,-0.004833581983676554,-0.058849910069403995,-0.029202529537319832,0.005629962425213051,-0.004790965888326323,-0.013456019697696718,-0.006926090263006294,0.012898760276830325,0.06540909760462212,-0.02232891570300874,-0.033403508177280244,-0.01036768892461169,-0.016257029641639515,-0.004675358683063266,-0.01006021321071601,-0.004505615934342262,-0.011137596078806105,0.029122911632644098,-0.00017179559095665314,-0.02235804681062279,-0.1683994312130637,-0.02824233431208596,0.006562518700265235,-0.028606112615903637,0.019914285901612525,0.058343340366570275,0.05851927925011734,-0.20165394565249795,0.0060653094138626035,-0.04600830869492551,0.14715666614130873,0.02852429390377026,-0.08215003638074306,0.06347599738113648,0.26878694297112565,0.002568319093839193,-0.18952368516242893,-0.002879034522230934,-0.044521650736206855,-0.03132103434180547,0.0041468273645425425,-0.0026780348771444766,-0.012895207027801715,-0.005761426143334305,0.01985734999468013,0.18482364185203148
13_4,-0.0011944486230486826,-0.04798931588058977,-0.026136342551498742,0.005654171947126547,-0.0037802879453649988,-0.011409075967124817,-0.0028940904710052437,0.012011454277180965,0.06773227725259122,-0.02254734425129062,-0.031147163798113515,-0.005534209549651658,0.005123408383088143,-0.00431724144023227,0.005425452911905662,-7.088254178022732e-05,0.006329036977591495,0.030027379609652488,0.0019334784972534018,-0.012991481017261657,-0.1540331536163817,-0.026758711454457792,0.012107770062616176,-0.02888937332399078,0.022148372479424742,0.015503917518649128,0.0557210169042675,-0.22242986533340858,-0.0033172005172796334,-0.04079979945050102,0.14727524845149778,0.026785921952808038,-0.0894374932877232,0.06531663713965893,0.270434037664796,0.020158835398757086,-0.1917353218583978,-0.00016091043182243065,-0.03503512457701682,-0.026084225720813516,0.005722037618856419,-0.002763584573792271,-0.011868901853101669,0.006859669768392794,0.0187637764700285,0.19623183891579332
13_5,-0.004515321799289689,-0.054463527743033695,-0.031880897261848715,0.00564964602303819,-0.004344437159971308,-0.007721013520762705,-0.004564145425537188,0.008854925861097146,0.059790148961099465,-0.024194537237683143,-0.03492183717969591,-0.009697209376025742,0.0012423953374273936,-0.008144030042816993,-0.009356068794392542,-0.009645142871213694,-0.0077984824087679785,0.02686537076448348,0.0009562413818886737,-0.019933710848017056,-0.16341004438831225,-0.03791415078671761,0.01089383590352741,-0.03165251711386267,-0.07047444470549762,-0.040441250164410164,0.06050322173721821,-0.22634268541495245,0.0021171491424698597,-0.047703908857161886,0.14172240863504007,0.021805109755448,-0.09536906106546898,0.06298943658140722,0.3215054604269212,0.0052845844502732685,-0.20338247923362188,-0.0029220839183869926,-0.04619804445376984,-0.027286830604121088,0.005981729874632641,-0.0037453924561696777,-0.008660473726979314,-0.004516557471790027,0.01843247580654021,0.18893577202176062
14_1,-0.003803559180775943,-0.014531109379796334,-0.010002021307980356,-0.0165749388708097,-0.010488694485926495,-0.022537612729745204,-0.006823068760161835,-0.03146622236151459,0.034204590914414634,-0.10859099473620594,-0.12168457205672352,-0.025700121434586404,-0.025392725482931054,-0.012358423697843405,-0.06390870243132378,-0.03170500939240196,-0.05375481169311055,0.029492956590984255,-0.039794092778317566,-0.04184940161273629,-0.04655226633268721,-0.17167364905590007,-0.10541036817528977,-0.07868844531743852,-0.24368547876207428,-0.36132902679111883,-0.1905916034734797,-0.024013460053919026,-0.06220725340882622,-0.4417706764575468,0.07461296350873801,-0.08362773109886631,-0.10201002747642902,0.03533568569524918,-0.7401674393788817,-0.10553621355061218,-0.029084121930270584,-0.008582368724111136,-0.004444110386149446,-0.010398507045709847,-0.01861623676741781,-0.0032782202637694053,-0.03262025171103757,-0.00321784627963734,-0.035700963710216645,-0.8981647091371949
14_2,-0.005039460795377122,-0.02080331823565984,-0.012932517313924209,-0.023561706803573605,-0.01067130190515274,-0.032241292135763135,0.0013035600705249661,-0.03832247889222163,0.02799591009066219,-0.10558595275998085,-0.13323729380787305,-0.028501799300699703,-0.05658177726068161,-0.02576983260330032,-0.07650378943248164,-0.03836228961740006,-0.06917313418340883,-0.3119282026961912,-0.031512853689372275,-0.03327870497628699,-0.03303075964865341,-0.171179634655719,-0.1694818705619237,-0.06972376011533714,-0.22414482714724213,-0.35758732171563107,-0.19407069146064823,-0.028298856928275985,-0.06900218028793187,-0.1478162910456626,0.038519661746144615,0.00858199345446399,-0.10203839622180041,0.030099811028805597,-0.9222042551100804,-0.10908879416629007,-0.03132402008802598,-0.0116716275576361,-0.009384311509717936,-0.018051830411087127,-0.016592531895265068,-0.006487551367995824,-0.03487777408938911,-0.006161859378192249,-0.03827462484021242,-0.8830907841629949
14_4,-0.0068753740373818095,-0.015496947500687579,-0.010657534423937411,-0.018610473622412128,-0.011737763497954664,-0.02947250254100606,-0.008662955964513129,-0.030029641082797917,0.010256709714890243,-0.10724994790887639,-0.119555077701256,-0.019020053732799354,-0.045052639485223395,-0.01675345679411982,-0.06448978226266378,-0.03240925950440572,-0.06252607245669888,-0.32451304382727814,-0.037718038299970676,-0.03648777751752981,-0.0444692951823349,-0.17972279543447006,-0.14353763715584872,-0.06043193067555237,0.05946554164681776,-0.36345698705851137,-0.21504661206535142,0.00213601198208607,-0.05811458485931154,-0.42184037454414525,0.02549839486124511,-0.10008894113950259,-0.13586086066372727,0.030236827145850808,-0.8105303823679353,-0.11786921314106608,-0.0061142707112432524,-0.012109020605238326,-0.008790917038335158,-0.019030536158950114,-0.016649814281511906,-0.007428445163358303,-0.03142444177691334,-0.008083246001184027,-0.03438265379643038,-1.077086520876157
14_5,-0.0005783173482210489,-0.026982837056654975,-0.01699773573932214,-0.02154435612741478,-0.00720761933932983,-0.02678858276677843,-0.0027561392513972814,-0.03145903058939131,0.03193624466217049,-0.08218934304922754,-0.11183950113077931,-0.024208075727505475,0.0046129519560229515,-0.00015862819783875,-0.04850550978733443,-0.019316483307109538,-0.031943749784752236,-0.7526526391410654,-0.04201673143690639,-0.011206799930685048,0.015177057113011542,-0.017626410114152776,-0.01650378686592865,-0.04412572356411201,-0.24166048644434582,-0.32739334191857217,-0.18515731906008512,-0.07828472871311484,-0.0462540301495244,-0.3884769809476147,0.0744434986329925,-0.06031242935673076,-0.09801369416241286,0.03289574492507931,-0.4316248828225296,-0.10069831333314566,-0.016621508113031595,-0.008501346063692633,-0.012194101744474668,-0.01646121117780054,-0.017455109544204116,-0.0025792207128521416,-0.029452950069629426,-0.014694680257476162,-0.03235984251076852,-0.46217790132950315
15_1,0.000932526834082623,-0.01528725314068513,-0.0033721812680011904,0.02126038791727062,0.00040045000393302925,-0.006871945264249341,0.0018251230692720004,0.03051929209545106,0.10850526349018029,0.01720262406733959,0.004747073535180187,0.031070155968632482,-0.005128467526252148,-0.00506988170822876,0.01753054373530576,0.009989205597893602,-0.01629657627109,0.03678334269781252,0.011170154318331588,0.02195878167467436,0.04330171889918878,-0.04740317110477923,0.08713920991977742,0.03225399856371684,-0.10002393317733838,0.24215400142489357,0.0996760495169367,0.12366017918300812,0.038207744288089734,0.016618434055300817,0.16560492019051973,0.06425090102686129,-0.01727193270119863,0.1233474387605056,0.49270534567862223,0.047160473964006876,0.04293555752366579,0.0021888552126579958,-0.011680747474176896,-0.005733485639331941,0.021388641521121306,0.002845592314199869,-0.0015378645432710814,0.00566012885384924,0.030678914377159167,-0.41711245613205267
15_2,0.00033758187205935305,-0.008562652947165026,0.0010281211542389021,0.02204871781418446,-0.005261106628296232,-0.004834516891732768,0.0034895061780297843,0.03872995911076479,0.11323375645112352,0.021202477867097898,0.006609992170993229,0.036675970106039145,0.021670760843124096,0.006054512412489796,0.018140004994296504,0.009093843615011095,0.03745063578810152,0.04776388100496407,0.013959386904666637,0.007343178064513766,0.13878934631014045,0.025206036960780633,0.06721230771044996,0.029659607221863213,0.1115953888162112,0.23865264843527417,0.09788349959597108,0.11304597676070999,0.07113798386737805,0.12916685166712427,0.15853598065168056,0.08778392391897577,-0.01862300663130272,0.13955716270417629,-0.12103163233974694,0.056325474429014394,0.02892415490123214,0.007209555558970364,-0.008365293377429145,-0.006508385427792851,0.018663005615846346,0.0009572847476896442,-0.007673626725270903,0.009222214227631857,0.05562654040514804,-0.27938666818216623
15_4,-0.0011197360652517956,-0.018435277981355122,-0.0019020865521545264,0.014142495603183466,-0.0049175911016879365,-0.004903593931795232,0.0019140104737128069,0.03130377192857379,0.11204458821027385,0.018582199189720396,0.01025057230723442,0.03152505749061504,0.008504960076053007,-0.0001520572382306126,0.018064088978710043,0.008656807945250374,-0.0013329463959901383,0.04882584317382225,0.010426779629456514,0.0188592602263235,0.11233198002477528,-0.0024047138617296205,0.08651832503135999,0.034714908724364744,0.030054416615007393,0.2274918015903058,0.09428238187739889,0.08844594807698618,0.058789630487978195,0.10836710300542446,0.1685613963780809,0.0673145364874352,-0.0185575879551615,0.12725176876098165,0.39943647236955715,0.06130707283248634,0.041191417761843964,0.0016942560077438094,-0.009830764010876458,-0.00604560343907649,0.018036234806691732,0.002503973999221496,0.0008562585343781018,0.006959977263731952,0.03317748814118352,-0.2839531708108712
15_5,0.0007667676884808215,-0.009974134926563584,-0.009920561042944349,0.01090481877968191,0.0023174003677983515,-0.0019497022370751431,0.00041519227181765583,0.02589049752254203,0.09835139453448427,0.0019700626678126817,0.004358181874284401,0.0346878362573005,0.027685677948383548,-0.005789903306818227,0.01813630796778993,0.00964694203045233,0.028922725931537278,0.04244343956620086,0.010787734790517568,0.010694472525836201,0.13445016025549109,0.031772294421496934,0.06327149019316491,0.027230740012446436,0.12162736829865331,0.19692634805230047,0.10170897864153858,0.0565467101252479,0.060913424035122746,0.10184847007735719,0.13694423671797906,0.08708979929802013,-0.02145774098278417,0.13583367337642094,-0.28679162713407996,0.12254006806191126,0.04495229804110882,0.00771190165426736,-0.00456266988221493,-0.003888524285008952,0.00902068011897474,0.001915314056653575,-0.0004019342201699846,0.007806121424371042,0.02242668956670025,-0.27595781087517135
16_1,-0.0029765298134948096,-0.015256810089012005,-0.01606585371891632,-0.007897905656217754,0.0024077437729531793,0.00828450109876926,0.0029740161167588347,-0.011316537764780024,0.07415981558634242,0.04377432028775854,0.04880522041892425,-0.008485353921268188,-0.015765260429149518,-0.0041461785944852374,-0.0054859918711625405,-0.008507855037124437,-0.005478822269203738,0.042204672782108314,-0.006061575944165125,-0.0018817977379491989,-0.02907460366699579,0.05928271249465246,-0.008973317227630824,0.02306054725108484,0.05029481360394047,-0.13507925847115468,-0.035582482308962805,0.06061613148806322,-0.002695122323648052,0.050099198125026966,0.17242437526703633,0.0005334640785477474,0.03654514655419418,0.05757280000030699,-0.2108142468077455,0.12140381328047242,0.04171402307068213,-0.0075993455604296736,-0.00936979663598355,-0.019559571969072015,-0.004992864985123543,-0.003365200345409962,0.010714937649513232,-0.0012704891551074805,-0.013234336999175773,0.38198249629623054
16_2,-0.0015997523411723882,-0.014891033700867431,-0.011829604990574703,-0.004744785963524421,0.004729414143801242,0.008728013584565604,0.003616439513978595,-0.010238011327416073,0.07645322490099779,0.04153203634792936,0.048625691661474756,-0.007114855487209806,-0.015062256409788932,-0.0011707315397941835,-0.004755674877723027,-0.009734908600498807,-0.00763349525240969,0.04202979365481296,-0.0043107641074340355,-0.001148612699832619,-0.01847991733042603,0.06648952512420792,-0.006260157085035825,0.021477887211380317,0.02261703763901824,-0.13714666385370816,-0.048450767424108095,0.06379797971282314,-0.0024960710938970202,0.0518075999525752,0.1734904248817555,-0.002413226641489962,0.03984691724394451,0.05698030094951338,-0.22897719351903667,0.12836627472853507,0.04217332039706615,-0.00632235791332191,-0.009809099542176972,-0.012563306418038092,-0.0038681891074128223,-0.0026804556710895737,0.011836079442109406,-0.0012530098105603784,-0.012900947672679753,0.3381380836526441
16_4,-0.0013367858356444736,-0.014544489797035064,-0.013842246616860286,-0.007744942668249983,0.004583229727741491,0.010451340314963605,0.003251891242377432,-0.009731012333107759,0.07674047641833806,0.04452993661587227,0.049986538180842296,-0.009638193168111736,-0.014910461438501998,-0.0016527984922030993,-0.003445873001909297,-0.007030614909685174,-0.003139011923827529,0.04374416230581457,-0.004405345615744547,-0.0011562433056046529,-0.02344760678746273,0.06598206172251578,-0.007340382001543048,0.02593211736619225,0.05120822487318923,-0.1296242463746132,-0.043465174052191934,0.06720129379383187,0.0003619233907646485,0.05121893082892099,0.1745798580173503,-0.0022584497497231456,0.039759563536643935,0.05783482360157022,-0.20521191199497665,0.1235338517878513,0.04415788129209608,-0.0063104251872447385,-0.009032699084763183,-0.016644942050025133,-0.0037810604551755146,-0.0022954850286123736,0.011461225142695415,-5.725672146925791e-06,-0.010506571071239857,0.3896093045540494
16_5,-0.0032939370123807317,-0.015716900819372208,-0.012754121875954016,-0.0077955762334382854,0.0030183334964412646,0.009510264207656433,0.002595240442673557,-0.012279367860378204,0.0752927102938121,0.04444642904611645,0.04956868810013376,-0.006969206550740827,-0.015872982896951948,-0.003141991668916244,-0.004959115940216477,-0.008383296724703265,-0.00775539337912346,0.041475562401114434,-0.005417751865926612,-0.0023688973442222328,-0.019614017359857922,0.06537283951419601,-0.008395299246406855,0.02277555430871936,0.020449626600906153,-0.13523694619151636,-0.04856415846277788,0.06406393969622849,-0.0027566605419127228,0.05179292629059122,0.1728495483806936,0.0014544603310259255,0.03942074783174644,0.05662995390548025,-0.21935865305297592,0.1297275144192786,0.04225304272017628,-0.007861462386953176,-0.009791054736159405,-0.013034225976291064,-0.004795132371252315,-0.002871255803673835,0.010825398208852264,-0.0011013446397903253,-0.013474299941784205,0.38579974020142005
17_1,-0.0023844263230762175,-0.014996691396521742,-0.005401205599058158,-0.008032288228591913,-0.011165762044602012,-0.01732632159253635,0.006014980094244278,-0.01780410178311521,0.06910530141097836,0.0021318959087410533,0.01018223201733165,-0.01912428811639901,-0.027395458367986528,-0.016816102707702656,-0.034721097563513235,-0.02387388543925648,-0.025421254409493204,0.017136372096070888,-0.02090192015598291,-0.02734385579230112,0.003927934464986041,-0.09383677070870632,0.058410139555809995,-0.003887195893319648,0.08410800262702253,-0.22113941116543265,-0.1099955302780985,-0.10655840481487949,-0.04460213121327398,0.08344139935342497,0.1457973555005844,-0.00491433748605274,0.025824236917139004,0.06565355777372374,-0.2504485233729221,0.1288115186565772,-0.023792937177827937,-0.003343913514679863,-0.008651024337641526,-0.00522283061970843,-0.010557173102350425,-0.006373874572945962,-0.02242069735117529,-0.0017494331455417352,-0.019544740807924035,-0.5605273865203537
17_2,-0.005376116679477934,-0.014981415606739452,-0.007298185233180334,-0.01583606003959816,-0.004552026177865772,-0.010299764788376293,-0.003969888164901221,-0.02328074498815281,0.08141624275598482,0.0023620380994473,0.0012780572568682341,0.0008271524729931404,-0.024894206119656318,-0.006599747092335841,-0.026629405490495646,-0.013611620865977647,-0.016840536538096692,-0.17074960219294583,-0.02035951704529483,-0.02460493596474956,-0.10373482330310482,-0.008181536728441406,0.07113954812962056,-0.013813655138022452,0.05551510872978268,-0.018958067845873304,-0.05671364209295438,-0.1061304733683455,0.0016589789241042473,0.055251106888163,0.13315603847347854,-0.01586673536908421,0.018115386570680635,0.03759816601255623,0.10091958315338777,0.12472975007900332,0.003946952345071805,-0.002589233677831116,-0.014828944054744884,-0.006618702729553716,-0.00903121097182443,-0.0004679341046042519,-0.011203565910188921,-0.0032228092572990433,-0.02004573085293147,-0.43677332086540954
17_4,0.00037666088334305665,-0.01452216405143942,-0.009143778284408476,0.0066293862287820976,-0.008381846965173842,-0.012914402320727002,-0.003965718848538228,-0.015509378093969938,0.06483708202569245,0.00698004910207642,0.015230241714053983,-0.017648584350122037,0.0008841947991596522,-0.0063509179246623425,-0.03707033431620109,-0.01565081656656192,0.023134475381000864,0.03287260819245163,-0.01526803080957499,-0.02994762193140287,0.024026794592372752,-0.011816361044026523,-0.0015107008919726373,0.0003202960692579919,0.08548394604105504,-0.2233151312092259,-0.10643724769369506,0.06542984025192808,-0.013152502533168206,0.07553820220008932,0.16290821718365792,-0.02664235562872295,-0.0286389621886959,0.06620014438451355,-0.3552543814034986,0.11680603577462575,0.02419941909483114,0.002268805746514357,-0.013138413725321735,-0.00025676697217096934,0.011683913765590533,-0.0013791759217188827,-0.01229289160748718,-0.006378339676490723,-0.003382174733876596,-0.5509053563823699
17_5,0.0011059593898422215,-0.01770756502593017,-0.010060462629931875,-0.013394853167668063,-0.005570792012288554,-0.006386819638721268,0.0013112078834681812,-0.025117195456424865,0.07300073452925439,0.026144853316468472,0.014236423642587629,-0.019450650690349895,-0.02220545720845107,-0.013511788361993153,-0.03648376995440677,-0.02013185311648441,-0.027239298151247062,-0.14293851310508585,-0.014946376325018712,-0.018963576477786924,-0.020560789105875672,0.0027339562449624146,0.04783705374282511,-0.011695291428976358,0.013043734240261569,-0.23024640628173293,-0.11634925943631096,-0.0009896279552665675,-0.05768605704468386,0.05334797385482911,0.14797061400854583,-0.015291632459302349,0.031155754735541077,0.06884636166553779,-0.39072010819707503,0.13643263015130072,-0.015247937070141326,-0.004181906242277665,-2.861985232202898e-05,-0.011978729934368592,-0.008194711803678412,-0.00015794548979617188,-0.010452117984577299,-0.0010145699374341922,-0.02637850049300773,-0.5495877138556151
18_1,0.000905545999034942,-0.01032116089342835,-0.0080363481043272,-0.002821725138328727,-0.0011719943307302472,0.010430949887357068,0.0041518380660795174,-0.013124178477451972,0.09324152523328758,0.008054532743571792,-0.0036395698291893375,0.0004138013615531747,-0.027825936976672704,-0.005855821212613484,-0.032684072139590216,-0.017646401613719928,-0.024552002667625104,-0.1458044072469822,-0.015988991410366304,-0.019685146672151724,0.052773280847241054,-0.07283694970403747,0.08228312040263414,-0.020774723141262164,0.08771006942267931,0.02710271878158771,-0.044094209906371376,-0.09578070230869003,-0.0363108390340382,0.1088222152319447,0.16387800267031838,-0.00386947057364716,0.038913613206247845,0.09480401249604242,-0.16234730765072444,0.15008349524642453,0.0004947325781910769,0.0020590798657869444,-0.00040083995115218485,-0.0017626158713262307,-0.00836706498938313,0.004811358342273433,0.008701143188281161,-0.0016480334615965489,-0.016615645595282977,-0.410194755778279
18_2,0.001017813656064775,-0.018927333105299184,-0.010818160312978956,4.634690308837045e-05,0.0006138334002008233,-0.007158748192671441,-0.002294028924776082,-0.02243204461342027,0.0818857388588788,-0.02047612214156724,-0.016491480327654965,0.01931618835127572,0.002312777602594518,0.002027011862415077,-0.029936317964423746,-0.014961364493286325,0.011596857893027909,0.034237684474996796,-0.01618643459121648,-0.022221048320032636,-0.11817750199126788,-0.016818116435115167,0.0661812440611577,-0.01100628155481237,0.052855273894537876,0.08981369967625703,0.04009673651423674,-0.13019288659850303,-0.011955962219184704,0.03420695034877388,0.1509636711109283,-0.014003184249178626,0.013569219061875798,0.0936255869975704,0.15717933949046684,0.10729921413299628,0.012394841588611333,-0.00034999994909438553,-0.014612110568173962,-0.00813717818753883,0.005057243102158012,-0.00048574597662411577,-0.011073066583861837,-0.002748799971103297,-0.01772459743742959,-0.3880619502957137
18_4,0.0028263157074560137,-0.015986197938973767,-0.0070682169967143035,0.004769555495151997,-0.007699094398454283,-0.019560595570805583,-0.003382542968797082,-0.015096597452830336,0.08704065918105865,0.035805892002848526,0.009158011124220586,-0.00635280845928289,-0.019168174647217935,-0.00803804919078177,-0.006509295931199789,-0.0004512576660261846,-0.015407244200777942,-0.16779660343351294,-0.002088424233496582,-0.0020680837989159643,0.058034218857341474,-0.021467713220077823,0.06021865972811808,0.009821378617814203,0.09481170641275223,-0.09392315952199405,-0.02763742910523991,0.0710235492955285,-0.005970971164574376,0.09496032867203051,0.17002072896902046,0.003340130553445433,0.03379915351529731,0.0876914862700722,-0.30817735993255857,0.06432902948964506,0.0377005233403344,-0.0002860340425778209,-0.012484291688397363,-0.004743753555640851,0.018591224044500917,0.0017121501387755496,-0.009457194649119621,-0.0006283779999944493,-0.020153762492370445,-0.457056559804073
18_5,-0.0012480522575974728,-0.013675535582090873,-0.011528124817126279,-0.010405431120463148,-0.004251641099824084,-0.00966009370349516,-0.0012245693696195468,-0.025866804756406736,0.06317196626063416,-0.022947586147203394,-0.029130573054004294,0.01154125971534057,0.014955861177364721,0.006860181801650293,-0.040375927987192826,-0.02119147363407987,0.027782194465193616,0.03372876302562777,-0.017009995459466982,-0.029300727047882322,0.04359166765241563,0.018715611138231884,0.04517997160760729,-0.020058152167317465,0.06474871613031642,0.08129729278005018,-0.08461793057827212,0.033284810089297096,-0.02764290323063934,0.07628408013107796,0.16744176246579442,-0.009792042494292387,0.022259546721163346,0.10769373877576625,-0.39842997155076804,0.1297729817758261,0.013712194032538995,-0.0047671642884621,-0.006491115231683908,-0.009532948663129275,-0.008261164627837242,0.0008633856523633232,-0.01361279906804633,-0.0019489866292382867,-0.02069923649142097,-0.40549346614484794
19_1,0.0006714424311993866,0.020882117725907045,0.021752628956332894,0.0073603453389949475,-0.001362535932907834,0.002410295533620951,-0.01095471712565181,0.021715250497298888,0.09432946204809889,-0.00963509002080568,0.011579086261242509,-0.026564190994529866,-0.055767902802399655,-0.027962147354298493,-0.04569370505287358,-0.0325896413774215,-0.03667948585931085,0.0107494964167335,-0.035054130678553765,-0.04040818870984152,-0.022950978063912983,0.03842119344777697,0.002604172024033676,-0.00993668918987144,0.009952518514771776,-0.22072593045278144,-0.0956898197649149,0.09308218437158972,-0.026053417335335647,0.021286761414532566,0.1429582323802563,0.045956546323991175,-0.04941685729948809,0.054807022025008104,0.29219135392303713,0.011095200023161592,0.030191664040016178,0.0010280888661210658,0.008377823821046175,0.008977771711292413,0.009366152885048233,-0.009069276667877015,0.0005985751618934846,-0.016200349761153494,0.022229463221004254,0.2694980249208052
19_2,0.0006908615905265996,0.021469619824206827,0.02087428428359493,0.011942160635977552,-0.001292726396099922,0.015431250994346977,0.006614046683932838,0.018398032051193305,0.09134104836470765,-0.00937264421274626,0.011460177211671318,-0.026962196515242974,-0.057110066501153724,-0.03044142539962251,-0.0449436584692168,-0.031229557290150593,-0.03440290551002781,0.01385492207876429,-0.0340340172772072,-0.039535534252485606,-0.03294558838636875,0.03581544035073577,0.0025697589063165345,-0.008694685843902832,0.009985958547072096,-0.22846911190344335,-0.08248955564612448,0.09804164946561618,-0.0073926916169024725,0.022671878405610205,0.1427612904042487,0.04690182970322084,-0.05016824360837841,0.05541126766709084,0.2780120524731025,0.011166407239623654,0.027859478399587835,0.0030679275731616148,0.008450459070573953,0.009514356944054284,0.012167175640651664,-0.010996667149504435,0.0005451044331984673,-0.005450257158036874,0.0278674436412877,0.27521129177725573
19_4,0.0002665095982161512,0.01937524987770362,0.019113374858838777,0.010046272732668159,-0.0013874992624877526,0.001910628084356664,-0.01273088990963571,0.01894101692140839,0.09012436542696847,-0.010778975378772055,0.011013928545846121,-0.027122184006558237,-0.05704123513842756,-0.0287243443238081,-0.0465786304608652,-0.033844674498705825,-0.03709260444984394,0.009217771710092332,-0.03939198070814092,-0.045569479334068116,-0.02378625698170322,0.04228842219169691,0.004314207427274577,-0.010623851247014255,-0.08559731579421177,-0.22112470176659194,-0.10092108808155001,0.09001913040483192,-0.026954442220337525,0.02233259326567825,0.14078528965998963,0.043296328376088836,-0.05077115889366735,0.053182971173753014,0.34539464352739546,0.01543801296083588,0.02619285332708151,0.0020193336344754057,0.006850883747599798,0.006707810395388509,0.009275606600913882,-0.00934155029117749,0.0002269791344947669,-0.016297929904273704,0.022442162363111626,0.2775585391959471
19_5,-0.0004415000693463659,0.016898009433398836,0.019026414320789272,0.007028387782670409,-0.0017082818521647926,0.0015449086956929794,-0.011192610431743055,0.01968904900811555,0.08994698270677176,-0.007988336356573388,0.010451384739145905,-0.026888171786547652,-0.056658085343257066,-0.028661351623337227,-0.04625815917596747,-0.03365063333383062,-0.037417499730765184,0.010155605301371216,-0.03439766144257353,-0.042333152083069446,-0.02463875598242802,0.035799115549113185,0.002492699794278921,-0.011206680837326887,-0.009342052608742858,-0.2241325628203033,-0.09453332027888114,0.09133304892896156,-0.026994742978317176,0.022101607134868223,0.1425645727824532,0.04596878648291695,-0.04927197829642275,0.054449320165802256,0.2993974664984668,0.010078927281462228,0.026097141783229968,0.0012639280922520496,0.0062597389172115835,0.0062608514319097705,0.012436843753334521,-0.009558033068421321,-0.0002651554200210147,-0.017643985810447543,0.02229178434279807,0.2708811155906242
1_1,0.001308718772531004,0.019535014794833428,0.013414087499672697,0.0044964556018973565,0.0003272100495389015,-0.0009420229934341648,0.004806032844844909,0.004028647391314179,-1.9626541320196969,-0.03669398685740763,-0.06357713768490968,-0.02600342433721579,0.003430636745453268,-0.0024569281629581562,0.00777419989644428,-0.00712138128712157,0.0039626069145179835,-0.03551014661236329,-0.017500504671651214,0.004051063299752345,-0.04313784870926827,-0.01207670488132175,-0.008318325933775217,-0.00939706340387943,-0.05447364037926905,-0.21959202684868967,-0.06896127559155293,-0.09374294386918797,0.003498833441261889,-0.020303789753585183,-3.3858220980367446,-0.3157074363222766,-0.03483708526662919,0.03044769877292458,0.1105881700929506,-1.9844124165158494,-0.07345418794934769,0.002514425979831129,0.015219213421579267,0.009367802285792318,-0.0001385939568089281,-0.006893195184070195,0.00212674842590322,0.006629633308604437,0.008822461429241172,0.12278517061026
1_2,0.0015224308801221156,0.019264815672113904,0.005632473665016197,0.003586348115078517,0.00021496585857728716,-0.0001272772999033333,0.002413596536799109,0.004323630739470047,-1.9842223030320654,-0.03276557701066459,-0.05309778528542806,-0.011895630460614703,0.002838492656362438,-0.0009652015029133211,0.011690917407955498,-0.006384630179445466,0.0003585740614946006,0.0050467599130665,0.005710298986291913,0.008294795098683735,-0.019979456433042362,0.004509463545179127,-0.005536462945408177,-0.00793042548665248,0.018701624563097628,-0.19616069234935524,0.04085010842886295,-0.10384966805779682,0.0047309470976669475,-0.02388420527312476,-3.405334940776525,0.0016832657469427552,-0.049268444870751514,0.039721192279618484,0.09585466497998871,-1.9988589632379552,-0.0866903420242426,0.0025682438191046856,0.011357336713796589,-0.0021371206521246743,0.0004780876333484296,-0.0060519083674898996,0.0009496626258602052,0.0071495047972292254,0.010172827101357158,0.12094769198103965
1_4,0.0015715180123833435,0.0216686411135387,0.012988406162644892,0.003702682002968142,0.00023512912457164918,0.0014878285508091438,0.00493093373965412,0.0037170633885682553,-1.9825753051590254,-0.029831565269507993,-0.049698493940366864,-0.0118956011078898,0.0037307848704618398,-0.0007755548385383205,0.010911168373364187,-0.0033212729811730635,0.005778870959051047,0.024425846832400126,-0.0066798134896486885,0.007819856149648407,-0.035966304252789426,-0.011023938039928297,-0.009858518244366378,-0.003036110660287602,0.0184490336825044,-0.10370017000573781,-0.15546191350910657,-0.10041104709390418,0.0018657476687376116,-0.022492740089212655,-3.4047810182877156,-0.08732585859887708,-0.041451877353655506,0.035430144914158634,0.08783998617302045,-1.9805096261331883,-0.08184288484110565,0.0029913609458524573,0.011124707921300719,0.009513411722193216,-0.00044961990910013003,-0.0069394173980092694,0.0020721042969454387,0.008861360862276683,0.008988093258093187,0.11284863772561926
1_5,0.0013834827398428334,0.017709660598200637,0.016601123425485326,0.004111205071855928,0.0002934399044685004,-4.430267255547961e-05,0.006495857717002288,0.004429038969751974,-1.9850543964517926,-0.04123678531732578,-0.03963791838237663,-0.017492804021559633,-0.022344487701830007,-0.008481132880970965,-0.029410967919021633,-0.004962489655909306,-0.01375011644023373,0.01689335447112379,-0.02259867067238184,0.0017500836022862499,-0.027305891255386003,0.0018753358802404935,-0.009663795786216903,-0.008466825250361661,0.005369253663817832,-0.22838435222765713,-0.15662204791184273,0.044799135978757766,-0.0010541513279568274,-0.013237572350496116,-3.4260440623462807,-0.35855514393725724,-0.09601278899026816,0.030191809419179396,0.0962397790958321,-1.9803816525783968,-0.06477443362236024,0.001461022096442471,0.010097712765204093,0.008777256748813175,-0.0003430328443397712,-0.006507928887629238,0.0012093570995312317,0.010581634867819685,0.008272768830550286,0.11821868758120703
20_1,-0.00020300797838387392,-0.029274580478164197,-0.020155053512760413,0.006231419067354766,-0.0030808055968653603,-0.00842874153085078,-0.004842263246133646,0.011618007131190176,0.0988609031282156,-0.0045453881239516025,-0.023867039728199268,0.006763316390771621,-0.003830305342921761,0.0013867208716683856,0.0180435948746512,0.003504035815748623,0.006571506514097206,0.027852122516232238,0.011066580653863687,0.013045067980776948,-0.02751396990362812,0.05260595587450927,0.0060696365231721495,-0.013992965912476183,-0.10271040537204598,0.08838526051337038,0.0706758861247086,-0.16434936677256154,-0.006089025637752224,-0.0027042756388119833,0.15142983441462815,0.044032235059634585,-0.020604202179228332,0.07280289227020466,0.3598267558555197,0.09662188643667577,-0.1282289136440952,-0.0008080848509704225,-0.02112851856089779,-0.019336814192662526,0.004016728946879543,-0.0029085093604324297,-0.007235526548333437,-0.0015185248837693303,0.016300691197367583,0.20011704466514801
20_2,-0.0014218504365934967,-0.020144254375480557,-0.015293806169433091,0.006521248978529616,-0.005038125028317777,-0.0077056456695415755,0.0011178073230685226,0.01331351565309253,0.09858940904235815,-0.00574776349266519,-0.02620750788617645,0.003326419955652032,0.006312064659011189,-9.438362103690417e-05,0.00618273815191617,0.0018192354326111812,0.005280050357858515,0.036426499995042896,0.0075992985375557,-0.007782103834617001,0.05026255060356468,0.05105145438928056,0.009459198895303448,-0.013175292196662402,-0.10473049195392492,0.10115574560278218,0.07150254588383077,-0.1577616820220147,0.005164557960349817,-0.0036856971981154047,0.15414038767510066,0.04253402038157537,-0.022234960572114333,0.07486107272087528,0.36412603763390894,0.10474381435721097,-0.13127124802881646,0.0002714053961516771,-0.013416387173176269,-0.018470861751109086,0.0034723728834459315,-0.0032548373767187612,-0.0073461186774481,0.003734770097377331,0.015573570970033607,0.19684673792611854
20_4,5.426443859194028e-05,0.02297075049425897,0.009252927519179919,0.005725311746275464,-0.003397246740080275,-0.003130315376753802,0.0025031373698066366,0.011563543186696446,0.09665489487962783,-0.011092051835587455,-0.031081546057808218,-0.0039026879280054183,0.006973432430093474,0.0005241342285969934,0.018950711894633557,0.005389898173808374,0.010557943981386346,0.03559471307487929,0.01192692305898293,0.015859998906777077,0.028164432747963597,0.045313471688536285,0.0035505709721421847,-0.021677475504303004,-0.10427662384089326,0.08291717144140634,0.06371913207348398,-0.1580742732003046,0.0013260513865124336,-0.0020186837348912605,0.15378292308993663,0.03509423174887105,-0.024553667977346653,0.0745312162611717,0.3608945474355466,0.10650063641181216,-0.1265700888410195,0.0026745334517767356,0.01190375227346272,-0.0003115389273811848,0.004341942635507183,-0.0017929167709301455,-0.0026650531221579887,0.0072795675234816615,0.01493982459699452,0.21060202360890115
20_5,-0.0017476164995408852,0.00726981374710357,-0.015638595995378275,0.006266793040428813,-0.0036669218847708877,-0.0024944593743952775,-0.003081632640095399,0.011946447437978592,0.0941570753397861,-0.013206777162523275,-0.03062136503996863,-0.0022979173869663054,0.004930149948051799,-0.0040529121652084854,0.01298560776863028,0.0030779856185344776,0.010310481033644178,0.03693958931860565,0.00823963895770986,0.008739246680921797,0.055639148186144335,0.051280674387959864,0.00453106717733438,-0.020012054874262837,-0.10563775545285514,0.08004177848568636,0.06530752362640108,-0.15931892864390848,0.004006021207780101,-0.0027161685064174637,0.1541490487700061,0.03328876208431513,-0.021809552749757353,0.07395172544669969,0.3595228406682483,0.09619549193660196,-0.13140679913927236,-0.0010579192495848632,0.006814154753965342,-0.017654891214300986,0.0029550403311568055,-0.004035804585562625,-0.0034886118773045788,0.0010293524275297235,0.014518206019513976,0.20486834015122415
21_1,0.0001920208668971551,-0.021328235543351667,-0.012222897383530492,0.013988302865050666,0.013989362788818979,0.010726114988110854,-0.005749031075468458,0.017551896527206016,0.07785159027527362,0.018507130039235133,0.026145871433418875,-0.008239213521042768,-0.002800561780678686,-0.002044189573195765,0.010969508565337401,0.0009561813462769823,-0.010586878827073576,0.03178040992819854,0.0025913418277806626,0.013934637592516405,0.07224344858513745,-0.07651930924319873,0.004234320553454291,0.03937133855148546,-0.002409844842395495,-0.19321123136863588,-0.06197510132900808,0.06509863671632957,-0.007566503189785084,-0.14834313055114617,0.17241088717346237,-0.04433231113060124,0.04414078381776332,0.0673846911751991,-0.3423860785314622,0.001222726647107153,0.04591331826323283,-0.002436392363164131,-0.01793938707967237,-0.010896891322081952,0.014778120032837305,0.004304266022370766,0.014846526538057793,-0.010296827852833526,0.028082584320095572,0.42161229661853145
21_2,-0.00014129190478052918,-0.021097483814349994,-0.013725865353666683,0.00499651933297402,0.008999059821315356,0.0030376152363873724,0.0013844727668391478,0.01011221234984272,0.08230817964387106,0.015364689928170019,0.03325711541349915,-0.007379730485293301,0.004703298691122539,0.001145510061345799,0.004537350576940153,0.003111487383252094,0.008670718854038575,0.0340456415172664,0.00741590565921137,-0.0042877075163063405,0.09097545768894481,0.009325594004145803,0.00043296064192577434,0.03566985648807132,0.02707036650245207,-0.18798255025127175,-0.06042707714018353,0.05946552397080816,-0.018325616348054796,-0.14684180593522325,0.17176267281442778,-0.0018497754774791375,0.028280111343425084,0.06932634967735776,-0.28674625039245394,0.06059302237579933,0.04595947206261683,-0.0038339250555779613,-0.015483535267849529,-0.01518322132206867,0.012033175380623167,0.004054552258454001,0.009804005841691372,-0.005391846821995622,0.012945817013643446,0.4091115172137162
21_4,-0.004842604569302335,-0.018896109491297816,-0.013550749678922211,0.011085868397855136,-0.010364961610095178,-0.028782131483198914,-0.006123947508134017,0.008343827339336323,0.046939133670578365,-0.007070844982002342,0.001343769282533972,-0.011007191616295417,-0.0020771450072730596,-0.007427888998829258,0.006098620611030698,-0.005750788851251235,-0.025675009134997945,0.018013323638376502,-0.00024641440566391937,0.011285446623667704,-0.09714671824750705,-0.17104601100505695,-0.04371277849078266,0.0009702379326463271,-0.03653404714648025,-0.29575162761693713,-0.16138438156227727,0.0383544335794104,-0.054020774892302156,-3.4833177872884353,0.11800007761298219,-0.06857533834952814,-0.08976110851153435,0.04550454449322217,-0.8433004574836599,-0.18259407254487575,0.01856062200475155,-0.01144045101811972,-0.01758459209362746,-0.020032979134392025,0.0037169875357783533,-0.007884538101261516,-0.03860631538222542,-0.0137678137101982,0.0068141890916285225,0.2784839943472104
21_5,-0.0008754401724293124,-0.02344780087736647,-0.014543189735845055,0.012678815391115435,0.0052588692549006095,0.005250518828515236,0.0033878225729767402,0.019102186956378133,0.08520721440081505,0.0154882161339247,0.02734319701199588,-0.00857312087145781,0.001351113983794135,0.0017651667247699416,0.002499429528752678,0.0015421334593100544,0.007682843151822844,0.024486509369452975,0.007499607185394809,0.0010310859378342627,0.09742943592429955,-0.02376310490604172,-0.0035967398965644133,0.03508208075895474,0.04654536367158274,-0.1632687982441183,0.04337744155410666,0.061389401725992644,-0.021869751405523087,-0.1320330736659675,0.169972180629936,-0.008263324363490632,0.036425840132919225,0.0713602700876931,-0.3562890287685087,-0.12131234692340298,0.039579859649804656,-0.0020211380291513337,-0.014068162190996145,-0.013086266815999835,0.01025485600487779,0.004139585295354947,0.013275160638453812,-0.00703984504457864,0.028823678732367616,0.4054285224015608
22_1,-0.0002170140417738895,-0.015668311712355644,-0.006768412939047662,0.01640632512744814,0.003980209538051915,-0.01100516580447801,-0.00525444158988389,0.02495596015551968,0.08092073078357054,0.03486736806389124,0.04201386062547501,0.003837040419066769,-0.003860365618095891,0.00040146587488263096,0.013923539902316814,0.006904161613514651,-0.01188437412482972,0.04188917817983044,0.0057406023670662255,0.020643235153716407,0.056115371910328234,0.06308271872306,-0.01480642303855048,0.056275863839093304,0.09810997737504708,-0.10379522496362693,-0.05959123764705193,0.07532146096521704,0.024244268185046866,0.06232296391353316,0.19066646007199087,0.06951537316140904,-0.029527694666662566,0.07614812900803193,-0.3259456975253968,0.08042227701877216,0.04498634991657069,-0.005107866468818568,-0.011285481988083363,-0.006329657011247595,0.018342129515535724,-0.006326825669577535,-0.02600494706041354,-0.004573081022467631,0.036164150641314126,0.4688601538237454
22_2,-9.123527609191459e-05,-0.02381843706136903,-0.01773769400418756,0.010735075050724048,0.005840162433871369,0.002407720472106097,-0.0003498585478907948,0.013138615089073167,0.06903409500652163,0.02427942571584995,0.03471547315344061,-0.0036083450758362954,-0.009395059900676024,-0.004540276272302898,0.013764958961206934,0.002906114668456997,-0.013837532520745923,0.0395986564067797,0.004794745241937793,0.018583375821513443,0.03313321940241164,0.019526996567655122,-0.02921601621632335,0.045374309426709565,0.0647038829999837,-0.16874490874712803,0.045335734840192723,0.06769411778441656,0.018812659617772603,0.04982650238208213,0.17649679085153344,0.04112954657280316,-0.04237997380803187,0.07890970722124153,-0.32302290934354805,0.059069167190118295,0.03176460695290083,0.0019876626178467398,-0.020064021196514528,-0.016858567109246738,0.013694650114629926,0.00297726305329427,0.003139856877243493,-0.010011811967898113,0.01680922342065745,0.4215638902316415
22_4,-0.0017661848996996963,-0.019702357272678855,-0.010841793990605688,0.015284621229696047,0.0010923290491049848,-0.014603077818738378,-0.0031038380458877964,0.025777629369443857,0.07436678375382662,0.03762781766234047,0.038601100625317554,0.0027977604610331403,0.013893660256278563,0.003956803033142905,0.013369430870965067,0.008906454242336822,0.03833393528545572,0.03793400499914993,0.012132912486969804,0.02056024831373054,0.05973128402876634,0.04156894038108699,-0.014739516888046983,0.03473289331055487,0.005288163338963331,-0.17115638412965414,-0.07258608683480584,0.076143991764888,0.019709283341377948,0.04270029466648791,0.10324893076161927,0.056058530736528646,-0.030016874042425586,0.07277332090738832,-0.4415343484478186,0.08411839776719691,0.03948858874515274,-0.008771494975985773,-0.019461009515115455,-0.00392303585954229,0.020551851748788336,-0.005601302496894642,-0.020133925899295815,0.0038052342041578523,0.051729566415244635,0.4159225902045115
22_5,-0.0004771278577143964,-0.021108534632940573,-0.014861582688247676,0.004648902742431347,0.0043602006981480965,0.0049315817546404205,0.00150234279156906,0.009867741967138183,0.07836106026433985,0.028605307951781428,0.04051788464230213,0.0032342360991285514,0.009434372908331564,0.005177936624745628,0.013811886049014921,0.009504406902321865,0.023414496241703234,0.029313751578629105,0.011965466197267512,0.011217980714214459,0.030212097375393675,0.045254352632845,-0.01885307192376202,0.04555682684610568,-0.1779472670965984,-0.15887079197091006,-0.04291827508189265,0.06919444996242853,0.02261510885643124,0.0548548978636121,0.1804087639332513,0.005454812508515063,-0.03298153433585169,0.07549159136142854,-0.36784417723697355,0.07728842710743856,0.03887406163415886,-0.00810524994912883,-0.017069926561859013,-0.01581583369504073,0.016595850491860444,0.005016395960422739,0.007483744801800941,-0.00856936284202031,0.011965848420057917,0.4337026282412938
23_1,-0.004079595559775908,-0.039843812890544235,-0.026501741400582538,-0.009378644506271329,0.004282912103527767,-0.004095678500401457,0.0019728824668645735,-0.019794101962765518,0.06384630988565299,0.00332510167470233,0.03013121100834841,-0.012851699121468357,0.0002005503038975816,-0.00534403438948229,-0.0028764059202777874,-0.002089212972171294,-0.009903610930511666,0.022547810162682553,-0.0010894008868258854,-0.01743799340350624,-0.08261521750466576,-0.010765715586308289,-0.0071765848966422385,0.005744439522983985,-0.051437715667211246,-0.1792284548177068,-0.07863404250853542,0.062020061625096455,-0.032746688511731493,0.03115195806983807,0.1616253512677954,-0.015068982551998338,0.019578990946366285,0.05539767797865622,-0.34770769097079984,0.11537234215192951,0.014759269858055155,-0.00825527127700115,-0.02905345372648194,-0.02886493511247775,-0.007857148382870846,-0.006328687649194836,0.006763466890867302,-0.008063562627405454,-0.015383451567275216,0.18263724320834063
23_2,-0.003705723816893157,-0.038115241407379145,-0.023674880059912785,-0.009654784407214116,0.004859117726595319,-0.0022640546427946037,0.0017261543766550422,-0.019282900072469484,0.06426516186841914,0.004354331020381624,0.030416679799331874,-0.01226458965165631,0.0004453286297502893,-0.007003388118124104,0.006652294747962474,0.0012182161808315436,-0.004988127884731745,0.027877245365531485,-0.0003488459271933783,-0.0019858532407465257,-0.06855259908258042,-0.008144794948881682,-0.01053010799425741,0.005716270420281906,0.008191420150565547,-0.1753986630872084,-0.07876218721190882,0.06145539262866183,-0.03432359322196974,0.03551139432744114,0.16263282919882158,-0.015473934144082126,0.021798456227757435,0.05418754886041723,-0.3245470786231267,0.11403812997651483,0.014028317913318126,-0.008017240646476347,-0.028295101824666463,-0.02662375935724109,-0.008036783064771222,-0.004841040165465711,0.0030381217135555345,-0.008986958816299215,-0.016074041395855682,0.18910061492023159
23_4,-0.004168402739060947,-0.039156497600891585,-0.02621235982797745,-0.009863190324283566,0.0016585339806773497,-0.0019657839091563843,0.001375640496145722,-0.017127617521052952,0.058351993881331526,0.002517855121082759,0.028272310045015406,-0.013469176213952027,-0.002468946615658402,-0.007781986303453903,-0.008257107273656309,0.00020470872060838728,-0.010935467125108596,0.01272605488652457,-0.002633355590289302,-0.020469620621876967,-0.0881898480859832,-0.017644682369537822,-0.009200330187280122,0.0037502633558275456,0.04065988080113007,-0.1799848611728591,-0.0802873517033011,0.06383018960591405,-0.02422955394359795,0.03274479302126893,0.15974774008420717,-0.021274555117129636,0.020754079574507187,0.054277304994992025,-0.31977488508290236,0.10748364322159822,0.010656053124745869,-0.008506289502128141,-0.03040682819485359,-0.02812190161767866,-0.007386817826755517,-0.006316331367646684,0.004311924054673244,-0.007918679881167597,-0.015686688085566093,0.16745097835933276
23_5,-0.004085338167078988,-0.04017993153507118,-0.022179254597586507,-0.009879319373117519,0.004920582016731708,-0.0006535109399827569,0.0020538743727501804,-0.017100345844518656,0.06374553999767968,0.004808452385242717,0.02963666472261181,-0.012385955498370132,-0.0001985053853367809,-0.0075574581841199315,-0.008230900597503511,-0.0034161406577525913,-0.011445013086111117,0.022700319633420927,-0.003326829677994764,-0.019600507690631555,-0.08105878178554511,-0.012991575407777066,-0.0059592144626636175,0.00691631676463391,0.0354614341844271,-0.17319757983701603,-0.07436959291718012,0.05887030498465373,-0.03117839026220069,0.03462777909016037,0.16139437038919027,-0.01807314753177518,0.02182141727523669,0.0542345808775846,-0.311780744974463,0.11291266648396148,0.015062977015189875,-0.008512163989178334,-0.02877682792153584,-0.026672854066391565,-0.006541000712122888,-0.006162895461943715,0.005232565825161359,-0.007568681070028522,-0.016328092976621935,0.20490356854751984
24_1,0.005038454583054754,0.06691606665211997,0.047141042747148386,0.010433266656042118,0.0020486798770763728,0.015009913025848415,0.01710335704537625,0.02652597353983866,0.10214229763616357,0.01489816901348805,-0.011484582587240331,0.013574194339892811,0.010818909833690544,0.00572010138166485,0.011863978104858947,0.003577550135982755,0.010694123708974856,0.034406694542093406,0.008939168185989636,0.0026113570646811523,-0.025255853024320676,0.029860062118951463,-0.0214066227100673,0.02168297237748126,0.056822087493555565,0.2783451421838149,0.09030766094974184,0.20975962616507804,0.010379036117796682,0.019865165620522162,0.1659732130288837,0.05483539369189495,-0.014438378060544871,0.08197114498026736,0.3619917697157362,0.03833007293757089,0.06640647658607882,0.008674165340260626,0.045439088149898575,0.03303942024530022,0.006903309132632719,0.002143137774723993,0.011417381174168639,0.032139358094544435,0.02691998488583737,0.32997356949376366
24_2,0.0046941751626162495,0.06278104509880862,0.043654714265987805,0.010264303664787531,0.0021259251537518622,0.014486093573029567,0.017824664927587528,0.025946444200896732,0.10385932757323212,0.013107206600429463,-0.011689346918184655,0.013351294283953227,0.012424465664215137,0.004602208255962363,0.018764734936314514,0.007043973377311829,0.004624013933915626,0.053655700338643864,0.010698268387983153,0.018405538394579417,-0.019749853460530244,0.03251964824112228,-0.021574172384958144,0.023062270722049322,0.05622725189868383,0.2704366881918269,0.09255036961160495,0.20881510137855347,0.011071932840063971,0.017097732964502368,0.16960744863882682,-0.153517161820189,-0.01664651071886024,0.08074607410698471,0.35540572579353974,0.040082486563313556,0.06245779093769372,0.009025420233239406,0.04377666004019432,0.03246110242628774,0.007073520971370853,0.0023775155978766472,0.011224472860087945,0.03286768128841858,0.02437189491350935,0.3255081055049581
24_4,0.0050623259079277715,0.06907961659940398,0.04782067670945124,0.010377949200339104,0.0022502239109251027,0.01605692783580934,0.01751001634703105,0.027411265914373432,0.10295834259088414,0.01667552886889669,-0.010791380417933998,0.01404802036338158,0.012610475937340236,0.005978979528931216,0.011766781466437809,0.003907956554107371,0.011543693586873925,0.04541177103148205,0.008518104513039618,0.0003727828647302595,-0.024781349595559356,0.03010695851784881,-0.020780104539477044,0.0228064734988224,0.056704018727290584,0.2833546027996794,0.09223107970939201,0.20943660217973364,0.011110765524319837,0.019253773261133242,0.16899381694541427,0.05604854555111484,-0.013791101858572257,0.08276983193345237,0.35818959553104446,0.03987432020865035,0.0669473536132615,0.008703258678735887,0.04895912354578362,0.03463090549559961,0.007199486844637533,0.002522265140592778,0.012622234613813187,0.029278455358876597,0.02631320580578188,0.32974856517255713
24_5,0.004974898679309627,0.0681483964713854,0.04620818480089197,0.010274466922252925,0.0019062874509328646,0.016774610401961598,0.01719123868401194,0.02510666148023478,0.10463145316918851,0.012044963332982888,-0.01599425122625288,0.012824563608725253,0.006272973492691601,0.003832934763024513,0.010353251515109806,0.004168922261195656,0.00752447819411543,0.045394734932885955,0.008776708570291863,0.0010518826671335041,-0.02474159272336673,0.031245406194120546,-0.021409622380198515,0.019859338398360904,0.056945696995346094,0.2655249294598419,0.08353429826369481,0.20809142870852151,0.01068607690069929,0.02123092462362695,0.16725302219180604,0.05460648534953767,-0.016454506988772488,0.08185545296631713,0.3705587414947661,0.03813185711547563,0.06631394429183578,0.009125935601976883,0.04507138672881589,0.03325359576807412,0.006531748493763944,0.0022303917403698774,0.012361992885987026,0.032398654260769884,0.02697151303095908,0.3326533801095278
2_1,-0.000414814692906743,-0.020067474859288476,-0.012341810298209167,-0.005955208510611945,0.00012487674693591785,-0.0036112493556358797,0.0008314094722285819,-0.010589931455999289,0.09335625295230991,-0.01462462695832039,-0.02584105222979768,-0.004800908021867145,0.008058170777131755,-0.00025348613870325416,0.015188408829301265,0.00018760959814585325,0.00879521407627643,0.03562626180274603,0.007425945664156743,-0.008738665430636667,0.07739884342100957,0.017898413794309162,0.008476951377591583,-0.027335614890366317,-0.0842717373272294,0.07943002760545027,0.05407163543890503,-0.12162293139424421,0.009836241555918833,0.0035484919963546134,0.14404824105050265,-0.005348407917319962,0.024364112950562494,0.06652774957998989,0.3510415925278733,0.10042509053787853,-0.09401745978879418,-0.0004049715673254557,-0.012995383148580047,-0.013143147114371692,-0.006609247418491508,-0.0013995287055235278,-0.002772528701264209,-0.0025467377625609413,-0.015269207003847951,0.21562773299926702
2_2,-0.002972342172472977,-0.03237386631141457,-0.023375447831884826,-0.006849894783724797,0.0006134346859357799,-0.004842151769051174,-0.0024088185022305563,-0.016549326980029144,0.0855796458189371,-0.01960040689683952,-0.032282156506394794,-0.007540988366906503,0.0034367172515764595,0.00014052696718999512,0.01835713985115321,-0.0007232246347413469,-0.00036841030086229553,0.04487537141665072,0.006489127126193543,-0.01445627884331252,-0.052374624397491916,-0.03833767501111582,0.004918119282743812,-0.033757515878972875,-0.07777324856848186,0.07502322435079284,0.04601296364999807,-0.031672674113036495,-0.012674329342062675,0.0059682481712026916,0.14551204858665032,-0.005563655558484697,0.01865720362186082,0.0658312362856935,0.34966779450585733,0.09768465976176027,-0.10112687524355753,-0.0035793148315209754,-0.024711360785919696,-0.02100378743715736,-0.006309745982459665,-0.0008141109775947067,-0.004071698015573759,-0.007555989572611525,-0.013528620595547393,0.21364263354708746
2_4,-0.0023329480687937984,-0.02411447919048298,-0.020356312860221448,-0.005551738092317122,-0.0017262028023288822,-0.006790115890075007,-0.00301145038120646,-0.01152573369338935,0.09262456275660429,-0.020231167189540045,-0.02890615762851802,-0.005161313276070809,0.005819490170369486,-0.002295522382757478,0.014524782420317996,-0.0016107873646522724,0.005481531261242348,0.033363317799597406,0.006904200936452336,-0.011767170487089931,0.07620810681848478,-0.06178369523624695,0.005409569143023005,-0.029363510662439262,-0.08666357628808281,0.0725685160021908,0.04930005420626523,-0.13586513962064045,0.009384577365684502,-0.006333178376328551,0.14095055372240906,-0.011786988923784752,0.01895784956238551,0.06164516774398716,0.3375855065256884,0.09327220914675924,-0.08765849945255856,-0.0019015069847361443,-0.021205684895234212,-0.016648235753890774,-0.006641084043379523,-0.0031318329204216124,-0.004271122858037573,-0.00574274463323709,-0.017170989171060778,0.19635133425224532
2_5,-0.0017908034160134551,-0.022118794746283664,-0.015350629958262254,-0.004928079912338333,-0.0017028162517955367,-0.0036442403032598695,-0.0024763541612369865,-0.010448368032654963,0.09004027027924567,-0.01522745734171953,-0.028327111360477775,-0.004611294472105133,0.0034045220907917796,-0.0015378905539393738,0.01480341917126985,0.0019834996952193475,0.009574351491759463,0.03310151900476004,0.007101141498288107,0.006751160160416408,0.06958821669862607,0.018101071919687888,0.00572534866154338,-0.024446699489516572,-0.08108472009119487,0.07759340067616294,0.04913132069394213,-0.13143407385447348,0.00473929956235709,0.010379261781816414,0.14233838309771465,-0.004645105792623917,0.021543792008332948,0.06628204851473961,0.3422908369810549,0.09401011201049704,-0.097477256445568,-0.0021937012016111494,-0.014996346935225918,-0.012797800416715742,-0.006265205104264541,-0.0024076209805865183,-0.003906805407431652,-0.004188965713250305,-0.011556323034915578,0.2126738800070998
3_1,-6.769901253505549e-05,0.0353287278829964,0.022474643516365394,0.0089056298746921,-0.0030896474432669553,-0.0006172746758527911,0.003680033932587612,0.02004601048672286,0.10494646932304445,0.03172241439115087,0.008620687956554875,0.0330892765434158,0.0034894094395707207,-0.0011247148847960116,0.02051509063749149,0.00791363400744788,-0.004297103527612406,0.04736647835682999,0.012078760214995954,0.021122059204364767,0.08455879599504369,0.04922319293575795,0.012069587567930567,0.037093226117349366,-0.045016655209305076,0.12454137435647579,0.09705675726437578,0.13538596577689113,-0.011855266623466703,0.017722163787146274,0.15768677265750577,0.05136654848925247,-0.02416124213311622,0.08090735829491044,0.46195344942854594,0.11343549492652825,0.04477588899871776,0.0007931472113856556,0.01863727651272624,0.01660432758683747,0.005791600630438109,0.0007004302582159553,-0.0005222848995431181,0.013812503485364381,0.022337691799916938,0.2658296196113144
3_2,0.0033105872810242944,0.022417431454309404,-0.017111088060245607,0.009919739580616597,-0.0005668014729738664,0.0027459415658423686,-0.0009413143255702106,0.019962618522333424,0.10591505623237307,0.024822138720262083,0.0029979413926526483,0.016860444034577104,0.00865075232937567,0.0008604579235742993,0.026324380485329105,0.006451073295340228,0.013296063119336328,0.05177798045875795,0.013568289977786195,0.019917235292373693,-0.006754062762091946,0.05896920017005729,0.015024821810726773,0.03265485533479203,-0.043008282111267664,0.049107290151661195,0.10320631374331538,0.1411992265913174,-0.009927535540359623,-0.004008493223806495,0.15658455506220342,0.05190422260047767,-0.01963115899795602,0.07925886656348385,0.4449415225042562,0.11262880453163261,0.04458344583214173,0.006420219210641583,0.023851678361962995,-0.01826121096170087,0.004989313626772949,-0.0006797276761479778,-0.00015845065911122212,0.00575101052031579,0.018421289672872657,0.23263353327466027
3_4,-0.0013913539319647102,0.035556124498604694,0.014791917240607426,0.008864894105027317,-0.004526270904950493,-0.010691261430934709,0.000691182353209159,0.021883571692011362,0.10883715799297047,0.026543675036932002,0.009277149060064799,0.03444741237355509,0.003911267197255905,0.0007962685373698678,0.02095791035826621,0.007740106080466695,-0.006935743944418915,0.04491511131547568,0.011995315171226413,0.020809069207408076,0.04305570951230069,0.04634621253693908,0.009662382389179653,0.039776946426365,-0.04296024423014089,0.11760943572943153,0.10037924233803099,0.10778183943171905,-0.011554318870959718,-0.01198504075853071,0.15379105521497913,0.04951983179634037,-0.016476777599189092,0.09522763927284096,0.47800091113643095,0.11251774411385315,0.04448179988773214,0.0017629569930702974,0.020290080691104526,0.003428848799460747,0.006161455775157832,0.0012048515301947681,-0.009695992040081829,0.013996679185592852,0.021337133478516315,0.21393714060830576
3_5,0.0045258735077157745,0.051777494719899925,0.03983278266432679,0.00981392253658883,0.0015292333487708716,0.0045642482994008365,0.005102813648265806,0.021011007574497635,0.10674498745979592,0.03400771353317414,0.012093278959279906,0.0386867156749811,0.0029929254360824354,0.008366586474636976,0.022181325408139968,0.008371564205501432,-0.004450539255095237,0.04742747987297995,0.012341435603759065,0.021273942570113537,0.0758283341305598,0.03442648881420757,0.007773308709077285,0.03751947641302627,-0.042439767870497275,0.13293120317757282,0.10144163587623295,-0.0015963699482626228,-0.008961119743237692,0.018886977593269804,0.159936123418039,0.05470337554564967,-0.017972478949366506,0.0875979754784499,0.4587328544739583,0.11405127556948312,0.04339035823063233,0.0063216823551578046,0.034302563001161517,0.03573242699584102,0.006943809907837977,0.002260180954982676,0.006080710370508782,0.017374172514636237,0.02056014233238792,0.2578871357963102
4_1,0.00390577082866754,0.061402843145791156,0.04329895915131966,0.011065917563508647,-0.0005050178873427301,0.01176679954107666,0.01957270005411152,0.01514632028649155,0.09736847815785114,0.03577866947728138,0.010223221578993294,0.039585908815976914,-0.0005718637622646073,0.007433227319712694,0.023237039412297975,0.009733683087502172,0.004103328615268134,0.05151514971141048,0.015515092771652276,0.026146190257574444,0.07692303127484271,0.05503990933192188,0.015070493876419504,0.04499941409085176,-0.04868368285926542,0.2588640235804188,0.10607428959883972,0.16652495620159555,0.009294211104177599,0.03278880397516613,0.16556515132537422,0.04877618868494877,-0.006920300652371851,0.08873965912896462,0.46178904085813316,0.11825074081325816,0.05142599524575783,0.00548289941716313,0.03798841254857758,0.038221122579024824,0.010353996734626466,0.002437278962877861,0.011433640090648517,0.033042502357243146,0.02014476017420994,0.2850767994184706
4_2,-0.0006995038507443804,0.0523358091534057,0.04133006195548924,0.009762731509146411,-0.0012028804345981107,0.003988219959275575,0.017935224100490126,0.022211719253471162,0.0952147776511775,0.03356246201825241,0.008828696201185097,0.037059669489203396,-0.0008170432698851083,0.005391707592731627,0.021440271929740726,0.009167785802028197,0.002237765913886918,0.050280885943437104,0.015368495398264305,0.0248314661885496,0.06778323192937706,0.05175851234944041,0.014491085090672191,0.04284730279936012,-0.051677419062999386,0.2630372761881383,0.10244287120815351,0.1618257888810924,0.0090326769291393,0.027321718857419196,0.15843218214399674,0.04378666698482741,-0.026305009742429716,0.08550441831781647,0.46281709461818815,0.11588181213899125,0.048601485400836954,-0.0009513993740923026,0.035036311127979856,0.036559596605238574,0.008382263652185964,0.0019920096841483403,0.003657955043089228,0.030525282707782334,0.0225037480795785,0.28111551916058003
4_4,0.0028771985041451567,0.05976718515627786,0.04212810537392605,0.010863678563775632,0.002092677542550859,0.009696464595245181,0.018585485853824087,0.014362172943531426,0.09834224885659955,0.034649308284920605,0.010642859937325404,0.038912152937164365,-0.0007300167467027462,0.0071309567529275015,0.02369516672874984,0.00992300068721274,0.0029360389558556656,0.05070771831430178,0.015761140940365976,0.025577240065251982,0.06210848482114202,0.054620137454613034,0.013941551678998111,0.04415095959119057,-0.04919956592813534,0.25185239983602264,0.1075232827244831,0.14169808903783784,0.004411807615454958,0.02686687381204678,0.15805906707144524,0.048931454866550296,-0.009585821413044492,0.08948891069904191,0.48453851518120883,0.11761198116965849,0.04565639446960896,0.004759869729542357,0.03700109553292878,0.03978734416288122,0.008865611585866769,-0.006184951376079841,0.011562195519149715,0.030668119489951975,0.017705055695124254,0.28900045983900396
4_5,0.003928251846356978,0.06134770099654666,0.04222458511525718,0.009910203588723831,-0.001800984266864217,0.012141784726783025,0.01785233182180584,0.014786242338955261,0.0868350537425979,0.03417679756106673,0.009834590336377852,0.038950563913672714,-0.0010590223035309729,0.006194821658107735,0.021543494150266566,0.009191546361779416,0.0033287209475927255,0.04928085972120857,0.015234276252318555,0.025422927377560786,0.07489655860457609,0.05476007574209838,0.01518455486039156,0.043785247437908625,-0.0492841318100745,0.25644258826248084,0.10302799868599645,0.16722291843271853,0.010796077706165644,0.036029859674049224,0.164639217972888,0.011022595137070608,-0.02300541245512721,0.08825909199380019,0.4544914679560094,0.11626335196841968,0.04838934108409563,0.005186903300382316,0.037264849484884406,0.03782558776080007,0.009856642024009108,0.0013587969934253745,0.013123875654493758,0.030311600475027813,0.019864062458963234,0.2850644549128299
5_1,0.00023157149107835804,-0.022070313268309404,-0.007401491699059013,-1.8731052622201475e-05,0.0025278683561799136,-0.002398811082145019,0.0021904363621541244,-0.007228272656474189,0.10017654766538778,0.010111340411549423,0.001964646596103067,-0.004727095673038492,-0.01000533877683182,0.003087588104134317,0.011954017131696311,0.0037094423386633897,0.0040947936064896955,0.04256308432721963,0.008312450346898896,0.015221598818587043,0.09035863721967397,0.019524002511811092,0.0144667890246294,0.001302877181048789,0.056353594559423265,0.09475042130918078,0.05550286447532757,-0.08189736827649866,0.012193389852383996,0.01896160321380098,0.14929380031480854,0.01353565282312414,0.031004596509651698,0.07119882066212092,0.21309998850757755,0.11612080395386522,-0.07482245158731221,0.001425940122118376,-0.012462495426260907,-0.011038544247885923,-0.002966900777460586,0.0037679087935807852,-0.0018167534969090666,0.0026224956853293565,-0.007357916881542391,0.27807844931867154
5_2,-0.00736063703031923,-0.050288184436545945,-0.025718325492963254,-0.0073574533590781655,-0.0045485069727461405,-0.016475680056885437,-0.00431219851279691,-0.013095295457942151,0.07969895575218693,-0.022862040742991283,-0.004066658494155282,-0.010755001112546344,0.003965176072810686,-0.005972322553466235,0.008867183271066361,-0.002285204872499631,-0.016767360451592998,0.039164758068940375,0.007488854036542025,0.014070709422694882,0.05714642316442812,-0.09689751047836632,0.01066189988466755,-0.005406969415062139,0.04611068880182201,0.07727134632082615,0.04834325670665774,-0.11731433833329462,0.003280345730030401,-0.04425588477596744,0.13980689599764662,0.0007284370145504217,0.01663762943400017,0.06895294984810507,0.2067548104245154,0.10375341915548691,-0.10279413878889164,-0.004282917438460292,-0.036288983028984347,-0.026000041658971036,-0.007914940468590544,-0.005093997743359999,-0.01468603278245053,-0.0072773223674735005,-0.015703736402454788,0.23594357115468217
5_4,0.000967617801496797,-0.022890114911202616,-0.007635651038772145,0.00027504776395914014,0.00221073044499225,-0.004433833772577878,0.002849828689300738,-0.0031076068220272372,0.0898068657197711,0.010535917985473714,-0.0009338885001892671,-0.004574363699059111,0.0047323810978016296,-0.0024388021195664226,0.012063411453143994,-0.0026379430261967477,0.009859099836717114,0.017795316913080197,0.007731681451687798,0.017519626127899673,0.09534988098540591,0.016144531730552098,0.01252976760843486,0.0002882290263096114,0.05704784950898373,0.09707533275959662,0.06336544593526498,-0.0807899623689692,0.011276006584102313,0.017240713375427312,0.14822801218821194,0.009845400372801509,0.02994751895877811,0.06979646631885177,0.2164804768712534,0.11562742136495525,-0.07611756506117451,0.0014008929659124563,-0.013542026323929824,-0.010320815974088432,-0.0017452856664817214,0.004454671746449838,-0.004760517665833311,0.0012696315562036658,-0.007598266805275552,0.2720270379248853
5_5,0.001976384443257019,-0.018876173353266985,-0.005833170873884562,0.0003059035078361634,0.003347057191194092,-0.0031237772873595835,0.0033833856211026836,-0.0017174283329620557,0.10006591607379987,0.011033581853926317,0.001303169922198077,-0.0036066940191259397,0.0056570691389427295,0.0031593391636191566,0.013970227469799864,0.005110800172423538,0.011919087550051988,0.04518430468918584,0.009332381301252843,0.017694343533935782,0.09465701394813188,0.0206249335520968,0.015231961682546771,0.001791073351203023,0.05632143900152544,0.09556976640181863,0.05545347651806749,-0.06849144433447481,0.012200622480901972,0.019544637935133568,0.17033740964971547,0.015661581049227994,0.03311498629727481,0.07127256383354767,0.20038203701113233,0.11946880786585627,-0.07106865470144752,0.0026208666296442403,-0.008391112403530576,-0.009919386794520382,-0.001338800677488167,0.004564502144023712,-0.0007308870431234481,0.0036536321963100563,-0.007323292381405894,0.2722963918293678
6_1,-0.0017220922204813616,-0.01609829274287493,-0.013262322225049724,0.0046284747731201005,-0.0030486418790197766,-0.007794819483220259,-0.002436154779232392,0.013661666819551105,0.10325165734292438,-0.016811383933286038,-0.032740339173771754,-0.0033700332726386284,0.006442949986479841,-0.0016502020673236748,0.01606970870671062,0.006346387504824976,0.008705948554260629,0.03634843513686314,0.008527070349088738,0.015630902145490795,0.0742976366709614,0.04181681267067469,0.009422778610546809,-0.02064265861449054,0.03866245394974312,0.07315199375722087,0.04622814287392081,-0.10279465338191401,0.012089772418963578,0.0016199717872361818,0.1568261475976047,0.049520144266096196,-0.022201899549503537,0.06613001336035872,0.3015634733100032,0.09523499179152502,0.039285801304673934,-0.0008017520278426831,-0.013276491683730416,-0.009507863969248404,0.0064063795751312345,-0.003773347098286697,-0.010315740958752396,-0.0023969725704587165,0.019689752945336925,0.23996368647345653
6_2,0.0005812177506381425,0.01969507457412774,-0.013418164716694407,0.006155838007119444,-0.0022555720663518073,-0.008217098464215512,-0.003517167439647835,0.0153018731353276,0.10345495027824757,-0.019750212635781417,-0.033559742722548795,-0.004768187183918028,0.0042652536775594834,0.000596027649909041,0.015731650052919995,0.006035989787612651,0.0049916770869652795,0.038701808283058366,0.010610381426851183,0.016640926269749046,0.0599222770891232,0.0007466470354045142,0.006330443069024424,-0.026386523707466542,-0.06012907371256888,0.08166039834224578,0.04871806162858883,-0.11074855501453411,0.009751860075029008,0.014688658520217128,0.149302538660132,0.042039553024654654,-0.018021506023926274,-0.025267734597774705,0.389506281253952,0.08383062189677612,0.04090894545476544,0.004902318133421871,0.013367462883890286,-0.013032886169009272,0.010902054628137182,-0.0019291700797099448,-0.00871919759636618,-0.00152252985352504,0.022625496628852795,0.26371924297818566
6_4,-0.0017803915888314186,-0.014955479439770403,-0.012512228395101127,0.004562653160049854,-0.0016467944536242688,-0.007644335091787132,-0.0018262815624482407,-0.014408709166355569,0.10332440126673358,-0.014004952013375607,-0.02974190303342208,-0.002447928117546948,0.0064181280115737675,0.0018963004895981971,0.007871141111279293,0.0013857619219560797,0.00893372874903288,0.037463605017707756,0.0047188257014350015,-0.0005081592542079042,0.08203572592533004,0.03327089250651443,0.00944905775626022,-0.015496574070003533,0.03967575709726145,0.09942900895793047,0.048346445348520305,-0.08000379957245524,0.012292853043261432,0.003312850751894147,0.15565609915417927,0.03834374257670112,-0.025513006548292316,0.0662524906587428,0.3273765577972846,0.0863333890520668,0.04082383030856335,-0.002499548217895846,-0.012748182740375164,-0.008865811939156271,0.0062626461603752905,-0.0011351189550840783,-0.010416498242780455,-0.005079498234491872,0.01129839018419713,0.24054399695253226
6_5,-0.0021692084121022175,-0.020228287316333984,-0.013977693697861107,0.005075301713441272,-0.0023452194464905875,-0.008776479545536774,-0.003166846036950663,0.013955895791706849,0.10192017698056005,-0.012161748305836134,-0.028799592042365384,-0.0005101298428329775,0.004596648187979526,-0.0003006729925686804,0.014114992191598293,0.0055151140744357395,-0.009004344898337185,0.03721409868826941,0.006377928871056075,0.01468364983086925,0.06801248572618673,0.016832040739256447,0.005558820995477423,-0.02009077205624267,0.03072826433799901,0.07742592137880526,0.05188553214701823,-0.12433960531963081,0.009842056848098064,0.010066136573669114,0.15529945398587597,0.04877909303894481,-0.02377938061821546,-0.029607217034881405,0.3392593513142675,0.08208941276101261,0.03876318179731571,-0.00042655757474090227,-0.01504804438110662,-0.0101040531209429,0.0045383116431349955,-0.003088006490091506,-0.008769482750778735,-0.0029800512712197177,0.01923607990347656,0.216726925581779
7_1,-0.0016271594122136157,-0.02659513619726597,-0.01639848155374932,-0.005659630120500958,-0.002488955502685855,-0.006103667690028737,-0.0009356486590607051,-0.013896091106768775,0.10592363729262279,0.016850397727125124,-0.0035116397217907695,0.03313952982624226,0.006898447615710916,0.002399769429744473,0.01422360779202668,0.004428923038813476,0.01378343459618979,0.023630833000655695,0.005365179099558013,0.01735018852435467,0.08715115859328917,0.0658559804005902,0.009942298273628438,0.029516634661010264,0.03424192418198648,0.15951334664159036,0.08211351421615277,-0.09096726491799745,0.015676043213464233,0.017507276008949458,0.15609744704521494,0.04023059149084549,-0.005799227098734501,0.07560193329494783,0.3579069051612386,0.08407479857658225,-0.007660431014301266,-0.0014177474984560972,-0.019128742109244593,-0.013294392522398356,-0.009778329112178828,-0.00030207079211451795,-0.011019377777051143,-0.005152996104399918,-0.026281020428988548,0.23895566418834807
7_2,-0.0003090254374208162,-0.027984107363443977,-0.01456796641658216,0.005296531967535063,-0.006540586318798662,-0.01217781524414694,-0.002544822246876302,0.010180152237335188,0.10026336349203631,0.011252348767561324,-0.003081642634701032,0.034392157857277054,0.007445160088866713,0.002642494313488287,0.016091106752155807,0.0008164538042633265,0.0341783981659597,0.03355527469506608,0.006321251805143956,-0.006414754225245548,0.09198853841103838,0.044177437373864994,0.010575083897351041,0.02377650450655934,-0.12245597972417199,0.1937156135641361,0.08840731346928216,-0.09229336120600277,0.015135153933491964,0.007254369020970072,0.13700640163716862,0.053973322254692695,-0.0204482014065752,0.07948237164084723,0.03909237609931133,0.08387701983480621,0.019895825190437137,-0.004332088521248837,-0.02236021054829507,-0.015287073451448542,0.009786579592804195,-0.0008673003233639993,-0.018537634839680767,-0.007045841088173565,0.015392317545668405,0.25423075088108876
7_4,-0.0003869716086618182,-0.024744118107295956,-0.01436944333579,-0.010010993158149498,-0.0021399517299467417,-0.013871566916860152,-0.001238059894162046,-0.011944964652923823,0.1055884853328454,0.01795591557710992,-0.0014378146888286397,0.03281469050507299,0.007182891869169555,0.0006800211158087759,0.01640453040563982,0.006205495865955751,0.014608455511577727,0.039987855242973595,0.00969344327431814,0.02405547974923891,0.08747098724407384,0.06883168453851617,0.011158784434688778,0.02809917170746078,0.05248192499092634,0.13952291224394459,0.08555794813551398,-0.09176527840317662,0.01681398727044351,0.012729048337430717,0.16259057248444983,0.039229704543209516,-0.002870600265233338,0.07742878793315269,0.3568319835455953,0.09257527260082551,0.03118911653671442,-0.0008393429556791662,-0.018300236532652597,-0.012660072994995575,-0.009787767300951905,2.3407567493596577e-05,-0.010952652898710814,-0.00584050274775936,-0.016317317345851488,0.24268069199373837
7_5,-0.0006440900822632752,-0.025012412992857492,-0.014826782729279052,0.005288982022356527,-0.0029595853054322327,-0.009918605331576676,-0.003978692859908772,0.014349442943605527,0.11072256466135873,0.018182748493244236,0.0003726342070481484,0.0353165749538889,0.00870695753495573,0.0017630690960499945,0.019358769530597016,0.008092652658708918,0.014614963785395488,0.035185164482386504,0.01217453101677583,0.017670151708535493,0.08918776381436032,0.05746989297101796,0.013982468872799053,0.030593948060672643,-0.06268602517756205,0.2019931273436279,0.09147366053285406,-0.09050060821396087,0.016301337899541333,0.008456483520810708,0.15497385817473555,0.04660553061322515,-0.014238372656467704,0.07714676603880628,0.42254285143826725,0.10475665705757056,0.03652235918261103,-0.0008245200320860003,-0.020531965741561752,-0.014071929789573152,0.008284537789008582,-0.0008629282979729636,-0.010797247168545588,-0.0067517952697584045,0.014912003905564134,0.2548880275863306
8_1,0.004024487457636208,0.04523246775930091,0.03886994704131097,0.008902787632274402,-0.0017649700732711535,0.004408073770767546,-0.003910909286030561,0.018490922738980457,0.09365469053908448,-0.03105462139382524,-0.03659949668380109,-0.008906532877810605,0.0014495813609977026,0.0006760103275128158,0.02025577147658962,0.006499818851339233,-0.0006889560984974808,0.04753358411126398,0.012478413003332474,0.018994689006135497,-0.026742517003949993,0.04957571843864757,0.014554677463272811,-0.03575502180851006,-0.06432444801175598,0.0782565781259842,0.04615797103430111,0.13329616327442104,-0.00044660887958797833,0.004529002716477248,0.15231663836314413,0.04821800558256625,-0.04921769752408801,0.08229208461632305,0.41012150122253477,0.11154926939004296,0.03411528854915063,0.007279984768733529,0.03230286067817338,0.02911779739075082,0.005320237359179959,-0.006532424962095167,0.005286199963625028,-0.0009635743745293673,0.01864566712726555,0.2620804310121677
8_2,0.002691537659235799,0.0470818849562823,0.03643362034213752,0.008320465137672074,-0.0017524548454150887,0.0031005479927677885,-0.004079152976359276,0.017885353956239844,0.09270443440511787,-0.030258401674957233,-0.03586664788084443,-0.00809090838607097,-0.00019000990754962856,-0.00013794946848702156,0.021175710169785124,0.00664849938966453,-0.002333898343822161,0.04354704625101371,0.013362979846507014,0.018634345036135876,0.00036118983933981124,0.03658817641646784,0.009875761482491521,-0.03574957749275841,-0.08489952321600697,0.0813341467064468,0.04643521566727532,0.11720018863374669,-0.0033639487598306223,0.0032093903881104946,0.1551248748375341,0.046819990644882487,-0.049341273052697886,0.08183507842797554,0.4246537226675449,0.11979680460782992,0.030435093139447263,0.005986631917576842,0.030998825511574034,0.027753217757420175,0.005100810562407836,-0.0068889828625590096,0.004433506754363171,-0.0018393979109689342,0.018533927925967992,0.2644235065954751
8_4,0.0037203710614867546,0.04527150296221003,0.040301497183660585,0.008938464934293755,-0.001632742737936215,0.006056195774572239,-0.0027847653201579416,0.018994834705280354,0.09380041300795978,-0.028810066846310278,-0.03432104142997723,-0.00826367555389532,0.0009142646286171417,0.002412167919482963,0.019736311550065954,0.006945777751363603,0.0012439825817428174,0.05017523553972763,0.010002378156195844,0.017821879925584976,-0.02569061608909786,0.04835406742431357,0.016858773747570607,-0.03406783251731328,0.023759521473098795,0.08348415446430683,0.04445527922279701,0.14041951028775404,-0.001986749767315798,-0.003597735534395031,0.1548437262679561,0.05111882354645895,-0.048220316846115656,0.08353958833513876,0.35109309719877035,0.12157074706344008,0.03662959638031554,0.006739649643242419,0.03437710415077651,0.028809458884627926,0.005412982366372057,-0.005624411224124394,0.0063136710862309,3.102554574862158e-05,0.018350153339872985,0.25543628965784054
8_5,0.0033164983219370636,0.04005820603406159,0.033584727017188495,0.008464394810957355,-0.0015576197557018688,0.006720500758148499,0.009442603610965737,0.01620173444693801,0.09839236357303903,-0.025542969783311675,-0.0366405562182116,-0.005151386523854403,0.008614548917402385,-0.0006501461933384508,0.016969411922514076,0.005675160258646757,0.008559397882505013,0.03275093013287297,0.008628418356643793,0.015410827050164295,-0.03134393156609848,0.04661832205798554,0.017219000246906084,-0.031896360134960874,-0.002250297346227605,0.09384464142252336,0.048709635820685986,0.15927090782061798,0.0013953848188432184,-0.004261437187846022,0.15699758541969358,0.050404273934716304,-0.045504531647976444,0.08196365189845252,0.3299031098140724,0.12047944561996272,0.03770977023857202,0.00648004008420066,0.028091166157309406,0.02217306224790531,0.005699356166465345,0.0003622287406320631,0.00699541578941599,0.02141131684188271,0.018320964293534782,0.22773154844373167
9_1,0.00033477834728365196,0.04049783569989009,0.030631548410644253,0.009056648621947732,-0.0014052684192010462,0.003351309787556589,-0.004950102140225361,0.02219199269700069,0.09805924017238189,-0.0263348761034811,-0.032777143113226784,-0.004894397831786705,0.009536958160103665,0.0020090543482913933,0.020056529651966113,0.006647622977702864,0.0030838933918310002,0.046859206609677656,0.011652776066362622,0.0202169251049801,0.018700292149897848,0.037319461742217,-0.012810117486519161,-0.011047147041153123,-0.018737796187042622,0.08451011451323302,0.04106358640262863,0.12508787304291744,0.0033029569813711247,0.006452975564854963,0.15953755835063874,0.05874533217108642,-0.04163636277525132,0.0802387703439149,0.3865020482564296,0.0319817488840098,0.049107919912622665,0.0041111984870937715,0.02797563050448444,0.019889014125370023,0.008749040554052985,-0.0063842464092252,0.00373768933021707,-0.003925250508893171,0.02540339021935489,0.29497232073774554
9_2,0.0008419767745728259,0.04606158770925776,0.03721561805873016,0.009610196429020414,-0.0016510207733053275,0.00691668098453764,-0.0059462696013778,0.024673507294689347,0.09817921059617854,-0.02397180206030882,-0.03496317927887557,-0.0036526238376751213,0.00927927122712324,0.0031109459414528917,0.0204791033962599,0.0072608607427950824,0.013563700493454948,0.042083428601918015,0.012402606462074587,0.019360846298785664,-0.021797853686997676,0.03627147665521978,-0.011976835688349136,-0.013699548260339837,-0.06129695733861338,0.08574601723911106,0.041415863113011944,0.13687806144168876,-0.010786133135069263,0.0025744223099618624,0.15387426689713304,0.057553198960650705,-0.04842206556496587,0.07946524261196823,0.3971448260978261,0.03548100596584418,0.049499373234389285,0.004544296918063276,0.032186110579497225,0.027089057462888422,0.00875941223770391,-0.006564986106747889,0.006391863272131896,-0.001597850153555059,0.02478665600407228,0.288643234028975
9_4,0.0017945504917799362,0.04547445927393395,0.03709523313044428,0.00926309832449098,-0.0017715230843235587,0.006809027258833975,-0.005658801468613914,0.024160241267288673,0.10020269296969929,-0.023209761036200104,-0.033761173188914625,-0.004348400858694718,0.009903203267547908,0.0026049370528863835,0.01873318814393233,0.007108116001049293,-0.002965698808661956,0.031107043870420247,0.011247563283794958,0.01653187348772679,-0.02081579951433218,0.03568228464682306,-0.01436320476727365,-0.00789402335946663,0.017722168751674042,0.09184139600027302,0.04275792271883635,0.1397476167628953,-0.023106513947025665,0.0018906014050483141,0.15641157223173235,0.05646163456376338,-0.040529340744464126,0.08123079644506005,0.36584653944635964,0.032621821785905926,0.04505592967401361,0.0039107897939715,0.0300835542352586,0.02441719673429634,0.008555088852561158,-0.0060427678784630975,0.006227587316846098,-0.001854534158801297,0.024548028956879665,0.2760272856450439
9_5,0.0006125741145817415,0.047189387900147234,0.0329890154941077,0.013133684478261371,-0.0013219393619757725,0.0065366711894424894,-0.003819301490172722,0.02296675604130356,0.0965657681584237,-0.028040905373401745,-0.03412428658252562,-0.008367501803373712,-8.043550791589887e-05,0.0030541970907122847,0.013366172299572963,0.005139276976727274,0.0033867411350330797,0.04563014671340149,0.008766881218871248,0.013208893231576351,-0.02365289142734856,0.037224472302904286,-0.014261837882315644,-0.010260273125103197,-0.002918370112258645,0.090586316393778,0.0384842249109438,0.14188583879511282,-0.001108335860860658,0.00234877092334875,0.15887239003222395,0.061287645456208906,-0.04526609018325682,0.07997533862474307,0.3467811855433926,0.030300533719607538,0.04689746726198866,0.003477296461315138,0.03348456126692998,0.027152415922778894,0.01220027351176732,-0.006975559613732396,0.006312041119877923,-0.0015406095866596296,0.025340493166390435,0.28417276893908333
